Record Length,2500,Points,50.34000054E-3,1.6000000E-3,
Sample Interval,2.0000000E-6,s,50.34200102E-3,1.6000000E-3,
Trigger Point,-25.17000153E3,Samples,50.34400150E-3,1.6000000E-3,
,,,50.34600198E-3,799.999979790E-6,
,,,50.34799874E-3,799.999979790E-6,
,,,50.34999922E-3,799.999979790E-6,
Source,MATH,,50.35199970E-3,799.999979790E-6,
Vertical Units,Volts,,50.35400018E-3,1.6000000E-3,
Vertical Scale,20.47812448E-3,,50.35600066E-3,1.6000000E-3,
Vertical Offset,0,,50.35800114E-3,1.6000000E-3,
Horizontal Units,s,,50.36000162E-3,1.6000000E-3,
Horizontal Scale,499.999998738E-6,,50.36200210E-3,1.6000000E-3,
Pt Fmt,Y,,50.36399886E-3,1.6000000E-3,
Yzero,39.06607661E-3,,50.36599934E-3,1.6000000E-3,
,,,50.36799982E-3,1.6000000E-3,
,,,50.37000030E-3,1.6000000E-3,
Note,TDS 1002B - 10:52:31 a.m.   11/06/2019,,50.37200078E-3,1.6000000E-3,
,,,50.37400126E-3,1.6000000E-3,
,,,50.37600175E-3,1.6000000E-3,
,,,50.37800223E-3,1.6000000E-3,
,,,50.37999898E-3,799.999979790E-6,
,,,50.38199946E-3,799.999979790E-6,
,,,50.38399994E-3,799.999979790E-6,
,,,50.38600042E-3,799.999979790E-6,
,,,50.38800091E-3,799.999979790E-6,
,,,50.39000139E-3,1.6000000E-3,
,,,50.39200187E-3,1.6000000E-3,
,,,50.39400235E-3,1.6000000E-3,
,,,50.39599910E-3,1.6000000E-3,
,,,50.39799958E-3,1.6000000E-3,
,,,50.40000007E-3,1.6000000E-3,
,,,50.40200055E-3,1.6000000E-3,
,,,50.40400103E-3,1.6000000E-3,
,,,50.40600151E-3,1.6000000E-3,
,,,50.40800199E-3,1.6000000E-3,
,,,50.40999874E-3,1.6000000E-3,
,,,50.41199923E-3,1.6000000E-3,
,,,50.41399971E-3,1.6000000E-3,
,,,50.41600019E-3,1.6000000E-3,
,,,50.41800067E-3,1.6000000E-3,
,,,50.42000115E-3,799.999979790E-6,
,,,50.42200163E-3,1.6000000E-3,
,,,50.42400211E-3,1.6000000E-3,
,,,50.42599887E-3,1.6000000E-3,
,,,50.42799935E-3,1.6000000E-3,
,,,50.42999983E-3,1.6000000E-3,
,,,50.43200031E-3,1.6000000E-3,
,,,50.43400079E-3,1.6000000E-3,
,,,50.43600127E-3,1.6000000E-3,
,,,50.43800175E-3,1.6000000E-3,
,,,50.44000223E-3,1.6000000E-3,
,,,50.44199899E-3,1.6000000E-3,
,,,50.44399947E-3,1.6000000E-3,
,,,50.44599995E-3,799.999979790E-6,
,,,50.44800043E-3,799.999979790E-6,
,,,50.45000091E-3,1.6000000E-3,
,,,50.45200139E-3,1.6000000E-3,
,,,50.45400187E-3,1.6000000E-3,
,,,50.45600235E-3,1.6000000E-3,
,,,50.45799911E-3,1.6000000E-3,
,,,50.45999959E-3,1.6000000E-3,
,,,50.46200007E-3,1.6000000E-3,
,,,50.46400055E-3,1.6000000E-3,
,,,50.46600103E-3,1.6000000E-3,
,,,50.46800151E-3,1.6000000E-3,
,,,50.47000200E-3,1.6000000E-3,
,,,50.47199875E-3,1.6000000E-3,
,,,50.47399923E-3,1.6000000E-3,
,,,50.47599971E-3,1.6000000E-3,
,,,50.47800019E-3,799.999979790E-6,
,,,50.48000067E-3,1.6000000E-3,
,,,50.48200116E-3,1.6000000E-3,
,,,50.48400164E-3,1.6000000E-3,
,,,50.48600212E-3,1.6000000E-3,
,,,50.48799887E-3,1.6000000E-3,
,,,50.48999935E-3,1.6000000E-3,
,,,50.49199983E-3,1.6000000E-3,
,,,50.49400032E-3,1.6000000E-3,
,,,50.49600080E-3,1.6000000E-3,
,,,50.49800128E-3,1.6000000E-3,
,,,50.50000176E-3,1.6000000E-3,
,,,50.50200224E-3,1.6000000E-3,
,,,50.50399899E-3,1.6000000E-3,
,,,50.50599948E-3,1.6000000E-3,
,,,50.50799996E-3,1.6000000E-3,
,,,50.51000044E-3,2.3999999E-3,
,,,50.51200092E-3,1.6000000E-3,
,,,50.51400140E-3,1.6000000E-3,
,,,50.51600188E-3,1.6000000E-3,
,,,50.51800236E-3,1.6000000E-3,
,,,50.51999912E-3,1.6000000E-3,
,,,50.52199960E-3,1.6000000E-3,
,,,50.52400008E-3,1.6000000E-3,
,,,50.52600056E-3,1.6000000E-3,
,,,50.52800104E-3,1.6000000E-3,
,,,50.53000152E-3,1.6000000E-3,
,,,50.53200200E-3,1.6000000E-3,
,,,50.53399876E-3,1.6000000E-3,
,,,50.53599924E-3,1.6000000E-3,
,,,50.53799972E-3,1.6000000E-3,
,,,50.54000020E-3,2.3999999E-3,
,,,50.54200068E-3,2.3999999E-3,
,,,50.54400116E-3,1.6000000E-3,
,,,50.54600164E-3,1.6000000E-3,
,,,50.54800212E-3,1.6000000E-3,
,,,50.54999888E-3,1.6000000E-3,
,,,50.55199936E-3,1.6000000E-3,
,,,50.55399984E-3,1.6000000E-3,
,,,50.55600032E-3,1.6000000E-3,
,,,50.55800080E-3,1.6000000E-3,
,,,50.56000128E-3,1.6000000E-3,
,,,50.56200176E-3,1.6000000E-3,
,,,50.56400225E-3,1.6000000E-3,
,,,50.56599900E-3,2.3999999E-3,
,,,50.56799948E-3,1.6000000E-3,
,,,50.56999996E-3,2.3999999E-3,
,,,50.57200044E-3,1.6000000E-3,
,,,50.57400092E-3,2.3999999E-3,
,,,50.57600141E-3,2.3999999E-3,
,,,50.57800189E-3,1.6000000E-3,
,,,50.58000237E-3,1.6000000E-3,
,,,50.58199912E-3,1.6000000E-3,
,,,50.58399960E-3,1.6000000E-3,
,,,50.58600008E-3,1.6000000E-3,
,,,50.58800057E-3,1.6000000E-3,
,,,50.59000105E-3,1.6000000E-3,
,,,50.59200153E-3,1.6000000E-3,
,,,50.59400201E-3,1.6000000E-3,
,,,50.59599876E-3,1.6000000E-3,
,,,50.59799924E-3,1.6000000E-3,
,,,50.59999973E-3,2.3999999E-3,
,,,50.60200021E-3,1.6000000E-3,
,,,50.60400069E-3,2.3999999E-3,
,,,50.60600117E-3,1.6000000E-3,
,,,50.60800165E-3,1.6000000E-3,
,,,50.61000213E-3,2.3999999E-3,
,,,50.61199889E-3,1.6000000E-3,
,,,50.61399937E-3,1.6000000E-3,
,,,50.61599985E-3,1.6000000E-3,
,,,50.61800033E-3,1.6000000E-3,
,,,50.62000081E-3,1.6000000E-3,
,,,50.62200129E-3,1.6000000E-3,
,,,50.62400177E-3,1.6000000E-3,
,,,50.62600225E-3,1.6000000E-3,
,,,50.62799901E-3,1.6000000E-3,
,,,50.62999949E-3,1.6000000E-3,
,,,50.63199997E-3,1.6000000E-3,
,,,50.63400045E-3,2.3999999E-3,
,,,50.63600093E-3,1.6000000E-3,
,,,50.63800141E-3,2.3999999E-3,
,,,50.64000189E-3,1.6000000E-3,
,,,50.64200237E-3,1.6000000E-3,
,,,50.64399913E-3,1.6000000E-3,
,,,50.64599961E-3,1.6000000E-3,
,,,50.64800009E-3,1.6000000E-3,
,,,50.65000057E-3,1.6000000E-3,
,,,50.65200105E-3,1.6000000E-3,
,,,50.65400153E-3,1.6000000E-3,
,,,50.65600201E-3,1.6000000E-3,
,,,50.65799877E-3,1.6000000E-3,
,,,50.65999925E-3,1.6000000E-3,
,,,50.66199973E-3,1.6000000E-3,
,,,50.66400021E-3,2.3999999E-3,
,,,50.66600069E-3,2.3999999E-3,
,,,50.66800117E-3,2.3999999E-3,
,,,50.67000166E-3,1.6000000E-3,
,,,50.67200214E-3,1.6000000E-3,
,,,50.67399889E-3,1.6000000E-3,
,,,50.67599937E-3,1.6000000E-3,
,,,50.67799985E-3,1.6000000E-3,
,,,50.68000033E-3,1.6000000E-3,
,,,50.68200082E-3,1.6000000E-3,
,,,50.68400130E-3,1.6000000E-3,
,,,50.68600178E-3,1.6000000E-3,
,,,50.68800226E-3,1.6000000E-3,
,,,50.68999901E-3,1.6000000E-3,
,,,50.69199950E-3,1.6000000E-3,
,,,50.69399998E-3,1.6000000E-3,
,,,50.69600046E-3,1.6000000E-3,
,,,50.69800094E-3,2.3999999E-3,
,,,50.70000142E-3,1.6000000E-3,
,,,50.70200190E-3,1.6000000E-3,
,,,50.70400238E-3,1.6000000E-3,
,,,50.70599914E-3,1.6000000E-3,
,,,50.70799962E-3,1.6000000E-3,
,,,50.71000010E-3,1.6000000E-3,
,,,50.71200058E-3,1.6000000E-3,
,,,50.71400106E-3,1.6000000E-3,
,,,50.71600154E-3,1.6000000E-3,
,,,50.71800202E-3,1.6000000E-3,
,,,50.71999878E-3,1.6000000E-3,
,,,50.72199926E-3,1.6000000E-3,
,,,50.72399974E-3,1.6000000E-3,
,,,50.72600022E-3,1.6000000E-3,
,,,50.72800070E-3,1.6000000E-3,
,,,50.73000118E-3,1.6000000E-3,
,,,50.73200166E-3,1.6000000E-3,
,,,50.73400214E-3,1.6000000E-3,
,,,50.73599890E-3,1.6000000E-3,
,,,50.73799938E-3,1.6000000E-3,
,,,50.73999986E-3,1.6000000E-3,
,,,50.74200034E-3,1.6000000E-3,
,,,50.74400082E-3,1.6000000E-3,
,,,50.74600130E-3,1.6000000E-3,
,,,50.74800178E-3,1.6000000E-3,
,,,50.75000226E-3,1.6000000E-3,
,,,50.75199902E-3,1.6000000E-3,
,,,50.75399950E-3,1.6000000E-3,
,,,50.75599998E-3,1.6000000E-3,
,,,50.75800046E-3,799.999979790E-6,
,,,50.76000094E-3,799.999979790E-6,
,,,50.76200143E-3,1.6000000E-3,
,,,50.76400191E-3,1.6000000E-3,
,,,50.76600239E-3,1.6000000E-3,
,,,50.76799914E-3,1.6000000E-3,
,,,50.76999962E-3,1.6000000E-3,
,,,50.77200010E-3,1.6000000E-3,
,,,50.77400059E-3,1.6000000E-3,
,,,50.77600107E-3,1.6000000E-3,
,,,50.77800155E-3,1.6000000E-3,
,,,50.78000203E-3,1.6000000E-3,
,,,50.78199878E-3,1.6000000E-3,
,,,50.78399926E-3,1.6000000E-3,
,,,50.78599975E-3,1.6000000E-3,
,,,50.78800023E-3,1.6000000E-3,
,,,50.79000071E-3,1.6000000E-3,
,,,50.79200119E-3,799.999979790E-6,
,,,50.79400167E-3,1.6000000E-3,
,,,50.79600215E-3,1.6000000E-3,
,,,50.79799891E-3,1.6000000E-3,
,,,50.79999939E-3,1.6000000E-3,
,,,50.80199987E-3,1.6000000E-3,
,,,50.80400035E-3,1.6000000E-3,
,,,50.80600083E-3,1.6000000E-3,
,,,50.80800131E-3,1.6000000E-3,
,,,50.81000179E-3,1.6000000E-3,
,,,50.81200227E-3,1.6000000E-3,
,,,50.81399903E-3,1.6000000E-3,
,,,50.81599951E-3,1.6000000E-3,
,,,50.81799999E-3,1.6000000E-3,
,,,50.82000047E-3,1.6000000E-3,
,,,50.82200095E-3,799.999979790E-6,
,,,50.82400143E-3,799.999979790E-6,
,,,50.82600191E-3,1.6000000E-3,
,,,50.82800239E-3,1.6000000E-3,
,,,50.82999915E-3,1.6000000E-3,
,,,50.83199963E-3,1.6000000E-3,
,,,50.83400011E-3,1.6000000E-3,
,,,50.83600059E-3,1.6000000E-3,
,,,50.83800107E-3,1.6000000E-3,
,,,50.84000155E-3,1.6000000E-3,
,,,50.84200203E-3,1.6000000E-3,
,,,50.84399879E-3,1.6000000E-3,
,,,50.84599927E-3,1.6000000E-3,
,,,50.84799975E-3,1.6000000E-3,
,,,50.85000023E-3,1.6000000E-3,
,,,50.85200071E-3,1.6000000E-3,
,,,50.85400119E-3,799.999979790E-6,
,,,50.85600168E-3,799.999979790E-6,
,,,50.85800216E-3,1.6000000E-3,
,,,50.85999891E-3,1.6000000E-3,
,,,50.86199939E-3,1.6000000E-3,
,,,50.86399987E-3,1.6000000E-3,
,,,50.86600035E-3,1.6000000E-3,
,,,50.86800084E-3,1.6000000E-3,
,,,50.87000132E-3,1.6000000E-3,
,,,50.87200180E-3,1.6000000E-3,
,,,50.87400228E-3,1.6000000E-3,
,,,50.87599903E-3,1.6000000E-3,
,,,50.87799951E-3,1.6000000E-3,
,,,50.88000000E-3,1.6000000E-3,
,,,50.88200048E-3,1.6000000E-3,
,,,50.88400096E-3,1.6000000E-3,
,,,50.88600144E-3,1.6000000E-3,
,,,50.88800192E-3,799.999979790E-6,
,,,50.89000240E-3,799.999979790E-6,
,,,50.89199916E-3,1.6000000E-3,
,,,50.89399964E-3,1.6000000E-3,
,,,50.89600012E-3,1.6000000E-3,
,,,50.89800060E-3,1.6000000E-3,
,,,50.90000108E-3,1.6000000E-3,
,,,50.90200156E-3,1.6000000E-3,
,,,50.90400204E-3,1.6000000E-3,
,,,50.90599880E-3,1.6000000E-3,
,,,50.90799928E-3,1.6000000E-3,
,,,50.90999976E-3,1.6000000E-3,
,,,50.91200024E-3,1.6000000E-3,
,,,50.91400072E-3,1.6000000E-3,
,,,50.91600120E-3,1.6000000E-3,
,,,50.91800168E-3,1.6000000E-3,
,,,50.92000216E-3,1.6000000E-3,
,,,50.92199892E-3,1.6000000E-3,
,,,50.92399940E-3,1.6000000E-3,
,,,50.92599988E-3,1.6000000E-3,
,,,50.92800036E-3,1.6000000E-3,
,,,50.93000084E-3,1.6000000E-3,
,,,50.93200132E-3,1.6000000E-3,
,,,50.93400180E-3,1.6000000E-3,
,,,50.93600228E-3,1.6000000E-3,
,,,50.93799904E-3,1.6000000E-3,
,,,50.93999952E-3,1.6000000E-3,
,,,50.94200000E-3,1.6000000E-3,
,,,50.94400048E-3,1.6000000E-3,
,,,50.94600096E-3,1.6000000E-3,
,,,50.94800144E-3,1.6000000E-3,
,,,50.95000193E-3,1.6000000E-3,
,,,50.95199868E-3,1.6000000E-3,
,,,50.95399916E-3,1.6000000E-3,
,,,50.95599964E-3,799.999979790E-6,
,,,50.95800012E-3,2.3999999E-3,
,,,50.96000060E-3,1.6000000E-3,
,,,50.96200109E-3,1.6000000E-3,
,,,50.96400157E-3,1.6000000E-3,
,,,50.96600205E-3,1.6000000E-3,
,,,50.96799880E-3,1.6000000E-3,
,,,50.96999928E-3,1.6000000E-3,
,,,50.97199976E-3,1.6000000E-3,
,,,50.97400025E-3,1.6000000E-3,
,,,50.97600073E-3,1.6000000E-3,
,,,50.97800121E-3,799.999979790E-6,
,,,50.98000169E-3,1.6000000E-3,
,,,50.98200217E-3,1.6000000E-3,
,,,50.98399892E-3,1.6000000E-3,
,,,50.98599941E-3,1.6000000E-3,
,,,50.98799989E-3,1.6000000E-3,
,,,50.99000037E-3,1.6000000E-3,
,,,50.99200085E-3,1.6000000E-3,
,,,50.99400133E-3,1.6000000E-3,
,,,50.99600181E-3,799.999979790E-6,
,,,50.99800229E-3,1.6000000E-3,
,,,50.99999905E-3,1.6000000E-3,
,,,51.00199953E-3,1.6000000E-3,
,,,51.00400001E-3,1.6000000E-3,
,,,51.00600049E-3,1.6000000E-3,
,,,51.00800097E-3,799.999979790E-6,
,,,51.01000145E-3,1.6000000E-3,
,,,51.01200193E-3,1.6000000E-3,
,,,51.01399869E-3,1.6000000E-3,
,,,51.01599917E-3,1.6000000E-3,
,,,51.01799965E-3,1.6000000E-3,
,,,51.02000013E-3,1.6000000E-3,
,,,51.02200061E-3,799.999979790E-6,
,,,51.02400109E-3,1.6000000E-3,
,,,51.02600157E-3,1.6000000E-3,
,,,51.02800205E-3,799.999979790E-6,
,,,51.02999881E-3,799.999979790E-6,
,,,51.03199929E-3,799.999979790E-6,
,,,51.03399977E-3,799.999979790E-6,
,,,51.03600025E-3,1.6000000E-3,
,,,51.03800073E-3,1.6000000E-3,
,,,51.04000121E-3,1.6000000E-3,
,,,51.04200169E-3,1.6000000E-3,
,,,51.04400218E-3,1.6000000E-3,
,,,51.04599893E-3,1.6000000E-3,
,,,51.04799941E-3,1.6000000E-3,
,,,51.04999989E-3,1.6000000E-3,
,,,51.05200037E-3,1.6000000E-3,
,,,51.05400085E-3,1.6000000E-3,
,,,51.05600134E-3,1.6000000E-3,
,,,51.05800182E-3,1.6000000E-3,
,,,51.06000230E-3,1.6000000E-3,
,,,51.06199905E-3,1.6000000E-3,
,,,51.06399953E-3,799.999979790E-6,
,,,51.06600001E-3,799.999979790E-6,
,,,51.06800050E-3,799.999979790E-6,
,,,51.07000098E-3,799.999979790E-6,
,,,51.07200146E-3,799.999979790E-6,
,,,51.07400194E-3,799.999979790E-6,
,,,51.07599869E-3,799.999979790E-6,
,,,51.07799917E-3,1.6000000E-3,
,,,51.07999966E-3,799.999979790E-6,
,,,51.08200014E-3,799.999979790E-6,
,,,51.08400062E-3,1.6000000E-3,
,,,51.08600110E-3,1.6000000E-3,
,,,51.08800158E-3,1.6000000E-3,
,,,51.09000206E-3,1.6000000E-3,
,,,51.09199882E-3,799.999979790E-6,
,,,51.09399930E-3,799.999979790E-6,
,,,51.09599978E-3,1.6000000E-3,
,,,51.09800026E-3,1.6000000E-3,
,,,51.10000074E-3,1.6000000E-3,
,,,51.10200122E-3,1.6000000E-3,
,,,51.10400170E-3,1.6000000E-3,
,,,51.10600218E-3,799.999979790E-6,
,,,51.10799894E-3,799.999979790E-6,
,,,51.10999942E-3,799.999979790E-6,
,,,51.11199990E-3,799.999979790E-6,
,,,51.11400038E-3,799.999979790E-6,
,,,51.11600086E-3,799.999979790E-6,
,,,51.11800134E-3,799.999979790E-6,
,,,51.12000182E-3,1.6000000E-3,
,,,51.12200230E-3,799.999979790E-6,
,,,51.12399906E-3,799.999979790E-6,
,,,51.12599954E-3,799.999979790E-6,
,,,51.12800002E-3,799.999979790E-6,
,,,51.13000050E-3,799.999979790E-6,
,,,51.13200098E-3,799.999979790E-6,
,,,51.13400146E-3,799.999979790E-6,
,,,51.13600194E-3,799.999979790E-6,
,,,51.13799870E-3,799.999979790E-6,
,,,51.13999918E-3,799.999979790E-6,
,,,51.14199966E-3,799.999979790E-6,
,,,51.14400014E-3,799.999979790E-6,
,,,51.14600062E-3,799.999979790E-6,
,,,51.14800110E-3,799.999979790E-6,
,,,51.15000159E-3,799.999979790E-6,
,,,51.15200207E-3,799.999979790E-6,
,,,51.15399882E-3,799.999979790E-6,
,,,51.15599930E-3,799.999979790E-6,
,,,51.15799978E-3,799.999979790E-6,
,,,51.16000026E-3,799.999979790E-6,
,,,51.16200075E-3,799.999979790E-6,
,,,51.16400123E-3,799.999979790E-6,
,,,51.16600171E-3,0.0,
,,,51.16800219E-3,799.999979790E-6,
,,,51.16999894E-3,799.999979790E-6,
,,,51.17199942E-3,799.999979790E-6,
,,,51.17399991E-3,799.999979790E-6,
,,,51.17600039E-3,799.999979790E-6,
,,,51.17800087E-3,799.999979790E-6,
,,,51.18000135E-3,0.0,
,,,51.18200183E-3,799.999979790E-6,
,,,51.18400231E-3,799.999979790E-6,
,,,51.18599907E-3,799.999979790E-6,
,,,51.18799955E-3,799.999979790E-6,
,,,51.19000003E-3,799.999979790E-6,
,,,51.19200051E-3,0.0,
,,,51.19400099E-3,799.999979790E-6,
,,,51.19600147E-3,0.0,
,,,51.19800195E-3,799.999979790E-6,
,,,51.19999871E-3,799.999979790E-6,
,,,51.20199919E-3,0.0,
,,,51.20399967E-3,0.0,
,,,51.20600015E-3,0.0,
,,,51.20800063E-3,799.999979790E-6,
,,,51.21000111E-3,0.0,
,,,51.21200159E-3,0.0,
,,,51.21400207E-3,0.0,
,,,51.21599883E-3,0.0,
,,,51.21799931E-3,0.0,
,,,51.21999979E-3,0.0,
,,,51.22200027E-3,799.999979790E-6,
,,,51.22400075E-3,0.0,
,,,51.22600123E-3,0.0,
,,,51.22800171E-3,0.0,
,,,51.23000219E-3,0.0,
,,,51.23199895E-3,0.0,
,,,51.23399943E-3,0.0,
,,,51.23599991E-3,0.0,
,,,51.23800039E-3,-799.999979790E-6,
,,,51.24000087E-3,0.0,
,,,51.24200135E-3,0.0,
,,,51.24400184E-3,0.0,
,,,51.24600232E-3,0.0,
,,,51.24799907E-3,0.0,
,,,51.24999955E-3,0.0,
,,,51.25200003E-3,0.0,
,,,51.25400051E-3,0.0,
,,,51.25600100E-3,0.0,
,,,51.25800148E-3,0.0,
,,,51.26000196E-3,0.0,
,,,51.26199871E-3,0.0,
,,,51.26399919E-3,0.0,
,,,51.26599967E-3,0.0,
,,,51.26800016E-3,0.0,
,,,51.27000064E-3,0.0,
,,,51.27200112E-3,0.0,
,,,51.27400160E-3,0.0,
,,,51.27600208E-3,0.0,
,,,51.27799883E-3,0.0,
,,,51.27999932E-3,799.999979790E-6,
,,,51.28199980E-3,0.0,
,,,51.28400028E-3,0.0,
,,,51.28600076E-3,0.0,
,,,51.28800124E-3,0.0,
,,,51.29000172E-3,0.0,
,,,51.29200220E-3,799.999979790E-6,
,,,51.29399896E-3,799.999979790E-6,
,,,51.29599944E-3,799.999979790E-6,
,,,51.29799992E-3,0.0,
,,,51.30000040E-3,0.0,
,,,51.30200088E-3,0.0,
,,,51.30400136E-3,0.0,
,,,51.30600184E-3,799.999979790E-6,
,,,51.30800232E-3,799.999979790E-6,
,,,51.30999908E-3,799.999979790E-6,
,,,51.31199956E-3,799.999979790E-6,
,,,51.31400004E-3,799.999979790E-6,
,,,51.31600052E-3,799.999979790E-6,
,,,51.31800100E-3,799.999979790E-6,
,,,51.32000148E-3,1.6000000E-3,
,,,51.32200196E-3,1.6000000E-3,
,,,51.32399872E-3,799.999979790E-6,
,,,51.32599920E-3,799.999979790E-6,
,,,51.32799968E-3,799.999979790E-6,
,,,51.33000016E-3,1.6000000E-3,
,,,51.33200064E-3,799.999979790E-6,
,,,51.33400112E-3,1.6000000E-3,
,,,51.33600160E-3,799.999979790E-6,
,,,51.33800209E-3,799.999979790E-6,
,,,51.33999884E-3,1.6000000E-3,
,,,51.34199932E-3,1.6000000E-3,
,,,51.34399980E-3,1.6000000E-3,
,,,51.34600028E-3,1.6000000E-3,
,,,51.34800076E-3,1.6000000E-3,
,,,51.35000125E-3,1.6000000E-3,
,,,51.35200173E-3,1.6000000E-3,
,,,51.35400221E-3,1.6000000E-3,
,,,51.35599896E-3,2.3999999E-3,
,,,51.35799944E-3,2.3999999E-3,
,,,51.35999992E-3,2.3999999E-3,
,,,51.36200041E-3,2.3999999E-3,
,,,51.36400089E-3,1.6000000E-3,
,,,51.36600137E-3,2.3999999E-3,
,,,51.36800185E-3,2.3999999E-3,
,,,51.37000233E-3,2.3999999E-3,
,,,51.37199908E-3,1.6000000E-3,
,,,51.37399957E-3,1.6000000E-3,
,,,51.37600005E-3,2.3999999E-3,
,,,51.37800053E-3,2.3999999E-3,
,,,51.38000101E-3,2.3999999E-3,
,,,51.38200149E-3,3.19999992E-3,
,,,51.38400197E-3,2.3999999E-3,
,,,51.38599873E-3,2.3999999E-3,
,,,51.38799921E-3,2.3999999E-3,
,,,51.38999969E-3,2.3999999E-3,
,,,51.39200017E-3,3.19999992E-3,
,,,51.39400065E-3,2.3999999E-3,
,,,51.39600113E-3,2.3999999E-3,
,,,51.39800161E-3,3.19999992E-3,
,,,51.40000209E-3,3.19999992E-3,
,,,51.40199885E-3,3.19999992E-3,
,,,51.40399933E-3,3.19999992E-3,
,,,51.40599981E-3,2.3999999E-3,
,,,51.40800029E-3,2.3999999E-3,
,,,51.41000077E-3,2.3999999E-3,
,,,51.41200125E-3,3.19999992E-3,
,,,51.41400173E-3,3.19999992E-3,
,,,51.41600221E-3,3.19999992E-3,
,,,51.41799897E-3,3.19999992E-3,
,,,51.41999945E-3,3.19999992E-3,
,,,51.42199993E-3,2.3999999E-3,
,,,51.42400041E-3,3.19999992E-3,
,,,51.42600089E-3,3.19999992E-3,
,,,51.42800137E-3,3.19999992E-3,
,,,51.43000185E-3,3.19999992E-3,
,,,51.43200234E-3,3.19999992E-3,
,,,51.43399909E-3,3.19999992E-3,
,,,51.43599957E-3,3.19999992E-3,
,,,51.43800005E-3,3.19999992E-3,
,,,51.44000053E-3,3.19999992E-3,
,,,51.44200101E-3,3.99999972E-3,
,,,51.44400150E-3,3.19999992E-3,
,,,51.44600198E-3,3.19999992E-3,
,,,51.44799873E-3,3.19999992E-3,
,,,51.44999921E-3,2.3999999E-3,
,,,51.45199969E-3,3.19999992E-3,
,,,51.45400017E-3,3.19999992E-3,
,,,51.45600066E-3,3.99999972E-3,
,,,51.45800114E-3,3.99999972E-3,
,,,51.46000162E-3,3.19999992E-3,
,,,51.46200210E-3,3.19999992E-3,
,,,51.46399885E-3,2.3999999E-3,
,,,51.46599934E-3,3.19999992E-3,
,,,51.46799982E-3,3.19999992E-3,
,,,51.47000030E-3,3.19999992E-3,
,,,51.47200078E-3,3.99999972E-3,
,,,51.47400126E-3,3.99999972E-3,
,,,51.47600174E-3,3.99999972E-3,
,,,51.47800222E-3,2.3999999E-3,
,,,51.47999898E-3,3.19999992E-3,
,,,51.48199946E-3,3.19999992E-3,
,,,51.48399994E-3,3.19999992E-3,
,,,51.48600042E-3,3.19999992E-3,
,,,51.48800090E-3,3.19999992E-3,
,,,51.49000138E-3,3.19999992E-3,
,,,51.49200186E-3,3.19999992E-3,
,,,51.49400234E-3,3.19999992E-3,
,,,51.49599910E-3,3.19999992E-3,
,,,51.49799958E-3,3.19999992E-3,
,,,51.50000006E-3,3.19999992E-3,
,,,51.50200054E-3,3.19999992E-3,
,,,51.50400102E-3,3.19999992E-3,
,,,51.50600150E-3,3.19999992E-3,
,,,51.50800198E-3,3.19999992E-3,
,,,51.50999874E-3,3.19999992E-3,
,,,51.51199922E-3,3.19999992E-3,
,,,51.51399970E-3,3.19999992E-3,
,,,51.51600018E-3,3.19999992E-3,
,,,51.51800066E-3,3.19999992E-3,
,,,51.52000114E-3,3.19999992E-3,
,,,51.52200162E-3,2.3999999E-3,
,,,51.52400210E-3,3.19999992E-3,
,,,51.52599886E-3,2.3999999E-3,
,,,51.52799934E-3,2.3999999E-3,
,,,51.52999982E-3,2.3999999E-3,
,,,51.53200030E-3,3.19999992E-3,
,,,51.53400078E-3,3.19999992E-3,
,,,51.53600127E-3,3.19999992E-3,
,,,51.53800175E-3,3.19999992E-3,
,,,51.54000223E-3,3.19999992E-3,
,,,51.54199898E-3,2.3999999E-3,
,,,51.54399946E-3,2.3999999E-3,
,,,51.54599994E-3,2.3999999E-3,
,,,51.54800043E-3,2.3999999E-3,
,,,51.55000091E-3,2.3999999E-3,
,,,51.55200139E-3,2.3999999E-3,
,,,51.55400187E-3,2.3999999E-3,
,,,51.55600235E-3,2.3999999E-3,
,,,51.55799910E-3,2.3999999E-3,
,,,51.55999959E-3,2.3999999E-3,
,,,51.56200007E-3,2.3999999E-3,
,,,51.56400055E-3,2.3999999E-3,
,,,51.56600103E-3,2.3999999E-3,
,,,51.56800151E-3,2.3999999E-3,
,,,51.57000199E-3,2.3999999E-3,
,,,51.57199875E-3,2.3999999E-3,
,,,51.57399923E-3,2.3999999E-3,
,,,51.57599971E-3,1.6000000E-3,
,,,51.57800019E-3,2.3999999E-3,
,,,51.58000067E-3,2.3999999E-3,
,,,51.58200115E-3,2.3999999E-3,
,,,51.58400163E-3,2.3999999E-3,
,,,51.58600211E-3,2.3999999E-3,
,,,51.58799887E-3,2.3999999E-3,
,,,51.58999935E-3,2.3999999E-3,
,,,51.59199983E-3,2.3999999E-3,
,,,51.59400031E-3,2.3999999E-3,
,,,51.59600079E-3,1.6000000E-3,
,,,51.59800127E-3,1.6000000E-3,
,,,51.60000175E-3,1.6000000E-3,
,,,51.60200223E-3,1.6000000E-3,
,,,51.60399899E-3,2.3999999E-3,
,,,51.60599947E-3,2.3999999E-3,
,,,51.60799995E-3,2.3999999E-3,
,,,51.61000043E-3,2.3999999E-3,
,,,51.61200091E-3,1.6000000E-3,
,,,51.61400139E-3,1.6000000E-3,
,,,51.61600187E-3,1.6000000E-3,
,,,51.61800236E-3,1.6000000E-3,
,,,51.61999911E-3,1.6000000E-3,
,,,51.62199959E-3,1.6000000E-3,
,,,51.62400007E-3,2.3999999E-3,
,,,51.62600055E-3,2.3999999E-3,
,,,51.62800103E-3,1.6000000E-3,
,,,51.63000152E-3,1.6000000E-3,
,,,51.63200200E-3,1.6000000E-3,
,,,51.63399875E-3,1.6000000E-3,
,,,51.63599923E-3,1.6000000E-3,
,,,51.63799971E-3,1.6000000E-3,
,,,51.64000019E-3,1.6000000E-3,
,,,51.64200068E-3,1.6000000E-3,
,,,51.64400116E-3,1.6000000E-3,
,,,51.64600164E-3,1.6000000E-3,
,,,51.64800212E-3,1.6000000E-3,
,,,51.64999887E-3,1.6000000E-3,
,,,51.65199935E-3,1.6000000E-3,
,,,51.65399984E-3,1.6000000E-3,
,,,51.65600032E-3,1.6000000E-3,
,,,51.65800080E-3,1.6000000E-3,
,,,51.66000128E-3,1.6000000E-3,
,,,51.66200176E-3,1.6000000E-3,
,,,51.66400224E-3,799.999979790E-6,
,,,51.66599900E-3,1.6000000E-3,
,,,51.66799948E-3,799.999979790E-6,
,,,51.66999996E-3,1.6000000E-3,
,,,51.67200044E-3,1.6000000E-3,
,,,51.67400092E-3,1.6000000E-3,
,,,51.67600140E-3,1.6000000E-3,
,,,51.67800188E-3,1.6000000E-3,
,,,51.68000236E-3,799.999979790E-6,
,,,51.68199912E-3,1.6000000E-3,
,,,51.68399960E-3,1.6000000E-3,
,,,51.68600008E-3,799.999979790E-6,
,,,51.68800056E-3,799.999979790E-6,
,,,51.69000104E-3,799.999979790E-6,
,,,51.69200152E-3,1.6000000E-3,
,,,51.69400200E-3,799.999979790E-6,
,,,51.69599876E-3,1.6000000E-3,
,,,51.69799924E-3,1.6000000E-3,
,,,51.69999972E-3,1.6000000E-3,
,,,51.70200020E-3,1.6000000E-3,
,,,51.70400068E-3,799.999979790E-6,
,,,51.70600116E-3,1.6000000E-3,
,,,51.70800164E-3,1.6000000E-3,
,,,51.71000212E-3,799.999979790E-6,
,,,51.71199888E-3,799.999979790E-6,
,,,51.71399936E-3,1.6000000E-3,
,,,51.71599984E-3,1.6000000E-3,
,,,51.71800032E-3,1.6000000E-3,
,,,51.72000080E-3,1.6000000E-3,
,,,51.72200128E-3,799.999979790E-6,
,,,51.72400177E-3,799.999979790E-6,
,,,51.72600225E-3,1.6000000E-3,
,,,51.72799900E-3,799.999979790E-6,
,,,51.72999948E-3,799.999979790E-6,
,,,51.73199996E-3,799.999979790E-6,
,,,51.73400044E-3,799.999979790E-6,
,,,51.73600093E-3,799.999979790E-6,
,,,51.73800141E-3,799.999979790E-6,
,,,51.74000189E-3,1.6000000E-3,
,,,51.74200237E-3,1.6000000E-3,
,,,51.74399912E-3,1.6000000E-3,
,,,51.74599960E-3,799.999979790E-6,
,,,51.74800009E-3,799.999979790E-6,
,,,51.75000057E-3,799.999979790E-6,
,,,51.75200105E-3,1.6000000E-3,
,,,51.75400153E-3,799.999979790E-6,
,,,51.75600201E-3,799.999979790E-6,
,,,51.75799876E-3,799.999979790E-6,
,,,51.75999925E-3,799.999979790E-6,
,,,51.76199973E-3,799.999979790E-6,
,,,51.76400021E-3,0.0,
,,,51.76600069E-3,0.0,
,,,51.76800117E-3,799.999979790E-6,
,,,51.77000165E-3,799.999979790E-6,
,,,51.77200213E-3,799.999979790E-6,
,,,51.77399889E-3,799.999979790E-6,
,,,51.77599937E-3,799.999979790E-6,
,,,51.77799985E-3,799.999979790E-6,
,,,51.78000033E-3,0.0,
,,,51.78200081E-3,799.999979790E-6,
,,,51.78400129E-3,799.999979790E-6,
,,,51.78600177E-3,799.999979790E-6,
,,,51.78800225E-3,799.999979790E-6,
,,,51.78999901E-3,799.999979790E-6,
,,,51.79199949E-3,799.999979790E-6,
,,,51.79399997E-3,0.0,
,,,51.79600045E-3,799.999979790E-6,
,,,51.79800093E-3,799.999979790E-6,
,,,51.80000141E-3,799.999979790E-6,
,,,51.80200189E-3,0.0,
,,,51.80400237E-3,0.0,
,,,51.80599913E-3,0.0,
,,,51.80799961E-3,0.0,
,,,51.81000009E-3,799.999979790E-6,
,,,51.81200057E-3,0.0,
,,,51.81400105E-3,0.0,
,,,51.81600153E-3,0.0,
,,,51.81800202E-3,0.0,
,,,51.81999877E-3,0.0,
,,,51.82199925E-3,-799.999979790E-6,
,,,51.82399973E-3,0.0,
,,,51.82600021E-3,0.0,
,,,51.82800069E-3,0.0,
,,,51.83000118E-3,-799.999979790E-6,
,,,51.83200166E-3,0.0,
,,,51.83400214E-3,0.0,
,,,51.83599889E-3,-1.6000000E-3,
,,,51.83799937E-3,0.0,
,,,51.83999985E-3,0.0,
,,,51.84200034E-3,0.0,
,,,51.84400082E-3,0.0,
,,,51.84600130E-3,0.0,
,,,51.84800178E-3,-799.999979790E-6,
,,,51.85000226E-3,-799.999979790E-6,
,,,51.85199901E-3,-799.999979790E-6,
,,,51.85399950E-3,-799.999979790E-6,
,,,51.85599998E-3,-799.999979790E-6,
,,,51.85800046E-3,-799.999979790E-6,
,,,51.86000094E-3,-799.999979790E-6,
,,,51.86200142E-3,-1.6000000E-3,
,,,51.86400190E-3,-1.6000000E-3,
,,,51.86600238E-3,-1.6000000E-3,
,,,51.86799914E-3,-1.6000000E-3,
,,,51.86999962E-3,-1.6000000E-3,
,,,51.87200010E-3,-799.999979790E-6,
,,,51.87400058E-3,-1.6000000E-3,
,,,51.87600106E-3,-1.6000000E-3,
,,,51.87800154E-3,-2.3999999E-3,
,,,51.88000202E-3,-2.3999999E-3,
,,,51.88199878E-3,-1.6000000E-3,
,,,51.88399926E-3,-1.6000000E-3,
,,,51.88599974E-3,-1.6000000E-3,
,,,51.88800022E-3,-2.3999999E-3,
,,,51.89000070E-3,-2.3999999E-3,
,,,51.89200118E-3,-2.3999999E-3,
,,,51.89400166E-3,-2.3999999E-3,
,,,51.89600214E-3,-2.3999999E-3,
,,,51.89799890E-3,-2.3999999E-3,
,,,51.89999938E-3,-2.3999999E-3,
,,,51.90199986E-3,-2.3999999E-3,
,,,51.90400034E-3,-2.3999999E-3,
,,,51.90600082E-3,-3.19999992E-3,
,,,51.90800130E-3,-3.19999992E-3,
,,,51.91000178E-3,-3.19999992E-3,
,,,51.91200227E-3,-3.19999992E-3,
,,,51.91399902E-3,-3.19999992E-3,
,,,51.91599950E-3,-3.19999992E-3,
,,,51.91799998E-3,-3.19999992E-3,
,,,51.92000046E-3,-3.19999992E-3,
,,,51.92200094E-3,-3.19999992E-3,
,,,51.92400143E-3,-3.19999992E-3,
,,,51.92600191E-3,-3.99999972E-3,
,,,51.92800239E-3,-3.99999972E-3,
,,,51.92999914E-3,-3.99999972E-3,
,,,51.93199962E-3,-3.99999972E-3,
,,,51.93400010E-3,-3.99999972E-3,
,,,51.93600059E-3,-3.19999992E-3,
,,,51.93800107E-3,-3.99999972E-3,
,,,51.94000155E-3,-3.99999972E-3,
,,,51.94200203E-3,-4.79999976E-3,
,,,51.94399878E-3,-3.99999972E-3,
,,,51.94599926E-3,-3.99999972E-3,
,,,51.94799975E-3,-3.99999972E-3,
,,,51.95000023E-3,-3.99999972E-3,
,,,51.95200071E-3,-4.79999976E-3,
,,,51.95400119E-3,-4.79999976E-3,
,,,51.95600167E-3,-4.79999976E-3,
,,,51.95800215E-3,-4.79999976E-3,
,,,51.95999891E-3,-5.59999980E-3,
,,,51.96199939E-3,-4.79999976E-3,
,,,51.96399987E-3,-4.79999976E-3,
,,,51.96600035E-3,-4.79999976E-3,
,,,51.96800083E-3,-4.79999976E-3,
,,,51.97000131E-3,-5.59999980E-3,
,,,51.97200179E-3,-5.59999980E-3,
,,,51.97400227E-3,-5.59999980E-3,
,,,51.97599903E-3,-5.59999980E-3,
,,,51.97799951E-3,-4.79999976E-3,
,,,51.97999999E-3,-4.79999976E-3,
,,,51.98200047E-3,-5.59999980E-3,
,,,51.98400095E-3,-5.59999980E-3,
,,,51.98600143E-3,-5.59999980E-3,
,,,51.98800191E-3,-5.59999980E-3,
,,,51.99000239E-3,-5.59999980E-3,
,,,51.99199915E-3,-5.59999980E-3,
,,,51.99399963E-3,-4.79999976E-3,
,,,51.99600011E-3,-5.59999980E-3,
,,,51.99800059E-3,-5.59999980E-3,
,,,52.00000107E-3,-6.39999984E-3,
,,,52.00200155E-3,-5.59999980E-3,
,,,52.00400203E-3,-5.59999980E-3,
,,,52.00599879E-3,-5.59999980E-3,
,,,52.00799927E-3,-3.99999972E-3,
,,,52.00999975E-3,-5.59999980E-3,
,,,52.01200023E-3,-4.79999976E-3,
,,,52.01400071E-3,-5.59999980E-3,
,,,52.01600119E-3,-5.59999980E-3,
,,,52.01800168E-3,-5.59999980E-3,
,,,52.02000216E-3,-5.59999980E-3,
,,,52.02199891E-3,-3.99999972E-3,
,,,52.02399939E-3,-5.59999980E-3,
,,,52.02599987E-3,-5.59999980E-3,
,,,52.02800035E-3,-5.59999980E-3,
,,,52.03000084E-3,-5.59999980E-3,
,,,52.03200132E-3,-4.79999976E-3,
,,,52.03400180E-3,-4.79999976E-3,
,,,52.03600228E-3,-3.99999972E-3,
,,,52.03799903E-3,-4.79999976E-3,
,,,52.03999951E-3,-4.79999976E-3,
,,,52.04200000E-3,-4.79999976E-3,
,,,52.04400048E-3,-4.79999976E-3,
,,,52.04600096E-3,-3.99999972E-3,
,,,52.04800144E-3,-4.79999976E-3,
,,,52.05000192E-3,-3.19999992E-3,
,,,52.05199867E-3,-3.99999972E-3,
,,,52.05399916E-3,-3.99999972E-3,
,,,52.05599964E-3,-3.99999972E-3,
,,,52.05800012E-3,-3.19999992E-3,
,,,52.06000060E-3,-3.99999972E-3,
,,,52.06200108E-3,-3.99999972E-3,
,,,52.06400156E-3,-2.3999999E-3,
,,,52.06600204E-3,-3.19999992E-3,
,,,52.06799880E-3,-3.19999992E-3,
,,,52.06999928E-3,-3.19999992E-3,
,,,52.07199976E-3,-3.19999992E-3,
,,,52.07400024E-3,-2.3999999E-3,
,,,52.07600072E-3,-3.19999992E-3,
,,,52.07800120E-3,-1.6000000E-3,
,,,52.08000168E-3,-1.6000000E-3,
,,,52.08200216E-3,-2.3999999E-3,
,,,52.08399892E-3,-1.6000000E-3,
,,,52.08599940E-3,-2.3999999E-3,
,,,52.08799988E-3,-1.6000000E-3,
,,,52.09000036E-3,-1.6000000E-3,
,,,52.09200084E-3,-799.999979790E-6,
,,,52.09400132E-3,-799.999979790E-6,
,,,52.09600180E-3,-1.6000000E-3,
,,,52.09800228E-3,-799.999979790E-6,
,,,52.09999904E-3,-799.999979790E-6,
,,,52.10199952E-3,-799.999979790E-6,
,,,52.10400000E-3,0.0,
,,,52.10600048E-3,0.0,
,,,52.10800096E-3,-799.999979790E-6,
,,,52.11000144E-3,799.999979790E-6,
,,,52.11200193E-3,0.0,
,,,52.11399868E-3,799.999979790E-6,
,,,52.11599916E-3,799.999979790E-6,
,,,52.11799964E-3,799.999979790E-6,
,,,52.12000012E-3,799.999979790E-6,
,,,52.12200060E-3,1.6000000E-3,
,,,52.12400109E-3,1.6000000E-3,
,,,52.12600157E-3,1.6000000E-3,
,,,52.12800205E-3,1.6000000E-3,
,,,52.12999880E-3,2.3999999E-3,
,,,52.13199928E-3,2.3999999E-3,
,,,52.13399976E-3,1.6000000E-3,
,,,52.13600025E-3,2.3999999E-3,
,,,52.13800073E-3,2.3999999E-3,
,,,52.14000121E-3,3.19999992E-3,
,,,52.14200169E-3,3.19999992E-3,
,,,52.14400217E-3,3.19999992E-3,
,,,52.14599892E-3,3.99999972E-3,
,,,52.14799941E-3,3.99999972E-3,
,,,52.14999989E-3,2.3999999E-3,
,,,52.15200037E-3,3.19999992E-3,
,,,52.15400085E-3,3.99999972E-3,
,,,52.15600133E-3,3.99999972E-3,
,,,52.15800181E-3,3.99999972E-3,
,,,52.16000229E-3,3.99999972E-3,
,,,52.16199905E-3,4.79999976E-3,
,,,52.16399953E-3,3.99999972E-3,
,,,52.16600001E-3,3.99999972E-3,
,,,52.16800049E-3,4.79999976E-3,
,,,52.17000097E-3,4.79999976E-3,
,,,52.17200145E-3,4.79999976E-3,
,,,52.17400193E-3,4.79999976E-3,
,,,52.17599869E-3,4.79999976E-3,
,,,52.17799917E-3,4.79999976E-3,
,,,52.17999965E-3,3.99999972E-3,
,,,52.18200013E-3,5.59999980E-3,
,,,52.18400061E-3,4.79999976E-3,
,,,52.18600109E-3,5.59999980E-3,
,,,52.18800157E-3,5.59999980E-3,
,,,52.19000205E-3,5.59999980E-3,
,,,52.19199881E-3,6.39999984E-3,
,,,52.19399929E-3,3.99999972E-3,
,,,52.19599977E-3,6.39999984E-3,
,,,52.19800025E-3,6.39999984E-3,
,,,52.20000073E-3,5.59999980E-3,
,,,52.20200121E-3,6.39999984E-3,
,,,52.20400169E-3,6.39999984E-3,
,,,52.20600218E-3,6.39999984E-3,
,,,52.20799893E-3,3.99999972E-3,
,,,52.20999941E-3,6.39999984E-3,
,,,52.21199989E-3,6.39999984E-3,
,,,52.21400037E-3,6.39999984E-3,
,,,52.21600085E-3,6.39999984E-3,
,,,52.21800134E-3,6.39999984E-3,
,,,52.22000182E-3,5.59999980E-3,
,,,52.22200230E-3,3.99999972E-3,
,,,52.22399905E-3,6.39999984E-3,
,,,52.22599953E-3,6.39999984E-3,
,,,52.22800002E-3,6.39999984E-3,
,,,52.23000050E-3,6.39999984E-3,
,,,52.23200098E-3,6.39999984E-3,
,,,52.23400146E-3,6.39999984E-3,
,,,52.23600194E-3,4.79999976E-3,
,,,52.23799869E-3,6.39999984E-3,
,,,52.23999918E-3,6.39999984E-3,
,,,52.24199966E-3,6.39999984E-3,
,,,52.24400014E-3,6.39999984E-3,
,,,52.24600062E-3,6.39999984E-3,
,,,52.24800110E-3,6.39999984E-3,
,,,52.25000158E-3,5.59999980E-3,
,,,52.25200206E-3,5.59999980E-3,
,,,52.25399882E-3,5.59999980E-3,
,,,52.25599930E-3,6.39999984E-3,
,,,52.25799978E-3,5.59999980E-3,
,,,52.26000026E-3,6.39999984E-3,
,,,52.26200074E-3,5.59999980E-3,
,,,52.26400122E-3,5.59999980E-3,
,,,52.26600170E-3,5.59999980E-3,
,,,52.26800218E-3,5.59999980E-3,
,,,52.26999894E-3,5.59999980E-3,
,,,52.27199942E-3,5.59999980E-3,
,,,52.27399990E-3,5.59999980E-3,
,,,52.27600038E-3,5.59999980E-3,
,,,52.27800086E-3,4.79999976E-3,
,,,52.28000134E-3,4.79999976E-3,
,,,52.28200182E-3,5.59999980E-3,
,,,52.28400230E-3,5.59999980E-3,
,,,52.28599906E-3,5.59999980E-3,
,,,52.28799954E-3,4.79999976E-3,
,,,52.29000002E-3,4.79999976E-3,
,,,52.29200050E-3,4.79999976E-3,
,,,52.29400098E-3,3.99999972E-3,
,,,52.29600146E-3,4.79999976E-3,
,,,52.29800195E-3,4.79999976E-3,
,,,52.29999870E-3,4.79999976E-3,
,,,52.30199918E-3,4.79999976E-3,
,,,52.30399966E-3,3.99999972E-3,
,,,52.30600014E-3,3.99999972E-3,
,,,52.30800062E-3,4.79999976E-3,
,,,52.31000111E-3,4.79999976E-3,
,,,52.31200159E-3,3.99999972E-3,
,,,52.31400207E-3,4.79999976E-3,
,,,52.31599882E-3,4.79999976E-3,
,,,52.31799930E-3,3.99999972E-3,
,,,52.31999978E-3,4.79999976E-3,
,,,52.32200027E-3,3.99999972E-3,
,,,52.32400075E-3,3.99999972E-3,
,,,52.32600123E-3,4.79999976E-3,
,,,52.32800171E-3,3.99999972E-3,
,,,52.33000219E-3,3.99999972E-3,
,,,52.33199894E-3,3.99999972E-3,
,,,52.33399943E-3,3.99999972E-3,
,,,52.33599991E-3,3.99999972E-3,
,,,52.33800039E-3,3.19999992E-3,
,,,52.34000087E-3,3.99999972E-3,
,,,52.34200135E-3,3.99999972E-3,
,,,52.34400183E-3,3.99999972E-3,
,,,52.34600231E-3,3.99999972E-3,
,,,52.34799907E-3,3.99999972E-3,
,,,52.34999955E-3,3.19999992E-3,
,,,52.35200003E-3,3.99999972E-3,
,,,52.35400051E-3,3.99999972E-3,
,,,52.35600099E-3,3.19999992E-3,
,,,52.35800147E-3,3.19999992E-3,
,,,52.36000195E-3,3.19999992E-3,
,,,52.36199871E-3,3.99999972E-3,
,,,52.36399919E-3,3.19999992E-3,
,,,52.36599967E-3,3.19999992E-3,
,,,52.36800015E-3,3.19999992E-3,
,,,52.37000063E-3,3.99999972E-3,
,,,52.37200111E-3,3.99999972E-3,
,,,52.37400159E-3,3.19999992E-3,
,,,52.37600207E-3,3.19999992E-3,
,,,52.37799883E-3,3.19999992E-3,
,,,52.37999931E-3,3.19999992E-3,
,,,52.38199979E-3,3.19999992E-3,
,,,52.38400027E-3,3.19999992E-3,
,,,52.38600075E-3,3.19999992E-3,
,,,52.38800123E-3,3.19999992E-3,
,,,52.39000171E-3,3.19999992E-3,
,,,52.39200220E-3,3.19999992E-3,
,,,52.39399895E-3,3.99999972E-3,
,,,52.39599943E-3,3.19999992E-3,
,,,52.39799991E-3,3.19999992E-3,
,,,52.40000039E-3,3.19999992E-3,
,,,52.40200087E-3,2.3999999E-3,
,,,52.40400136E-3,3.19999992E-3,
,,,52.40600184E-3,2.3999999E-3,
,,,52.40800232E-3,3.99999972E-3,
,,,52.40999907E-3,3.19999992E-3,
,,,52.41199955E-3,3.19999992E-3,
,,,52.41400003E-3,2.3999999E-3,
,,,52.41600052E-3,2.3999999E-3,
,,,52.41800100E-3,3.19999992E-3,
,,,52.42000148E-3,2.3999999E-3,
,,,52.42200196E-3,3.19999992E-3,
,,,52.42399871E-3,3.19999992E-3,
,,,52.42599919E-3,3.19999992E-3,
,,,52.42799968E-3,3.19999992E-3,
,,,52.43000016E-3,2.3999999E-3,
,,,52.43200064E-3,2.3999999E-3,
,,,52.43400112E-3,3.19999992E-3,
,,,52.43600160E-3,2.3999999E-3,
,,,52.43800208E-3,2.3999999E-3,
,,,52.43999884E-3,3.19999992E-3,
,,,52.44199932E-3,2.3999999E-3,
,,,52.44399980E-3,2.3999999E-3,
,,,52.44600028E-3,2.3999999E-3,
,,,52.44800076E-3,2.3999999E-3,
,,,52.45000124E-3,2.3999999E-3,
,,,52.45200172E-3,3.19999992E-3,
,,,52.45400220E-3,3.19999992E-3,
,,,52.45599896E-3,2.3999999E-3,
,,,52.45799944E-3,3.19999992E-3,
,,,52.45999992E-3,2.3999999E-3,
,,,52.46200040E-3,2.3999999E-3,
,,,52.46400088E-3,2.3999999E-3,
,,,52.46600136E-3,2.3999999E-3,
,,,52.46800184E-3,2.3999999E-3,
,,,52.47000232E-3,3.19999992E-3,
,,,52.47199908E-3,3.19999992E-3,
,,,52.47399956E-3,3.19999992E-3,
,,,52.47600004E-3,2.3999999E-3,
,,,52.47800052E-3,2.3999999E-3,
,,,52.48000100E-3,2.3999999E-3,
,,,52.48200148E-3,2.3999999E-3,
,,,52.48400196E-3,2.3999999E-3,
,,,52.48599872E-3,2.3999999E-3,
,,,52.48799920E-3,2.3999999E-3,
,,,52.48999968E-3,2.3999999E-3,
,,,52.49200016E-3,2.3999999E-3,
,,,52.49400064E-3,2.3999999E-3,
,,,52.49600112E-3,2.3999999E-3,
,,,52.49800161E-3,2.3999999E-3,
,,,52.50000209E-3,2.3999999E-3,
,,,52.50199884E-3,2.3999999E-3,
,,,52.50399932E-3,2.3999999E-3,
,,,52.50599980E-3,2.3999999E-3,
,,,52.50800028E-3,2.3999999E-3,
,,,52.51000077E-3,2.3999999E-3,
,,,52.51200125E-3,2.3999999E-3,
,,,52.51400173E-3,2.3999999E-3,
,,,52.51600221E-3,2.3999999E-3,
,,,52.51799896E-3,2.3999999E-3,
,,,52.51999944E-3,2.3999999E-3,
,,,52.52199993E-3,2.3999999E-3,
,,,52.52400041E-3,2.3999999E-3,
,,,52.52600089E-3,2.3999999E-3,
,,,52.52800137E-3,2.3999999E-3,
,,,52.53000185E-3,2.3999999E-3,
,,,52.53200233E-3,2.3999999E-3,
,,,52.53399909E-3,2.3999999E-3,
,,,52.53599957E-3,2.3999999E-3,
,,,52.53800005E-3,1.6000000E-3,
,,,52.54000053E-3,2.3999999E-3,
,,,52.54200101E-3,2.3999999E-3,
,,,52.54400149E-3,1.6000000E-3,
,,,52.54600197E-3,1.6000000E-3,
,,,52.54799873E-3,1.6000000E-3,
,,,52.54999921E-3,1.6000000E-3,
,,,52.55199969E-3,1.6000000E-3,
,,,52.55400017E-3,1.6000000E-3,
,,,52.55600065E-3,2.3999999E-3,
,,,52.55800113E-3,1.6000000E-3,
,,,52.56000161E-3,2.3999999E-3,
,,,52.56200209E-3,2.3999999E-3,
,,,52.56399885E-3,1.6000000E-3,
,,,52.56599933E-3,1.6000000E-3,
,,,52.56799981E-3,2.3999999E-3,
,,,52.57000029E-3,2.3999999E-3,
,,,52.57200077E-3,2.3999999E-3,
,,,52.57400125E-3,2.3999999E-3,
,,,52.57600173E-3,2.3999999E-3,
,,,52.57800221E-3,1.6000000E-3,
,,,52.57999897E-3,1.6000000E-3,
,,,52.58199945E-3,1.6000000E-3,
,,,52.58399993E-3,1.6000000E-3,
,,,52.58600041E-3,1.6000000E-3,
,,,52.58800089E-3,2.3999999E-3,
,,,52.59000137E-3,1.6000000E-3,
,,,52.59200186E-3,2.3999999E-3,
,,,52.59400234E-3,799.999979790E-6,
,,,52.59599909E-3,1.6000000E-3,
,,,52.59799957E-3,1.6000000E-3,
,,,52.60000005E-3,1.6000000E-3,
,,,52.60200053E-3,1.6000000E-3,
,,,52.60400102E-3,2.3999999E-3,
,,,52.60600150E-3,1.6000000E-3,
,,,52.60800198E-3,1.6000000E-3,
,,,52.60999873E-3,1.6000000E-3,
,,,52.61199921E-3,2.3999999E-3,
,,,52.61399969E-3,1.6000000E-3,
,,,52.61600018E-3,1.6000000E-3,
,,,52.61800066E-3,2.3999999E-3,
,,,52.62000114E-3,1.6000000E-3,
,,,52.62200162E-3,799.999979790E-6,
,,,52.62400210E-3,2.3999999E-3,
,,,52.62599885E-3,1.6000000E-3,
,,,52.62799934E-3,1.6000000E-3,
,,,52.62999982E-3,1.6000000E-3,
,,,52.63200030E-3,1.6000000E-3,
,,,52.63400078E-3,1.6000000E-3,
,,,52.63600126E-3,1.6000000E-3,
,,,52.63800174E-3,1.6000000E-3,
,,,52.64000222E-3,1.6000000E-3,
,,,52.64199898E-3,1.6000000E-3,
,,,52.64399946E-3,1.6000000E-3,
,,,52.64599994E-3,1.6000000E-3,
,,,52.64800042E-3,1.6000000E-3,
,,,52.65000090E-3,799.999979790E-6,
,,,52.65200138E-3,799.999979790E-6,
,,,52.65400186E-3,1.6000000E-3,
,,,52.65600234E-3,1.6000000E-3,
,,,52.65799910E-3,1.6000000E-3,
,,,52.65999958E-3,1.6000000E-3,
,,,52.66200006E-3,1.6000000E-3,
,,,52.66400054E-3,799.999979790E-6,
,,,52.66600102E-3,799.999979790E-6,
,,,52.66800150E-3,1.6000000E-3,
,,,52.67000198E-3,1.6000000E-3,
,,,52.67199874E-3,1.6000000E-3,
,,,52.67399922E-3,1.6000000E-3,
,,,52.67599970E-3,799.999979790E-6,
,,,52.67800018E-3,799.999979790E-6,
,,,52.68000066E-3,799.999979790E-6,
,,,52.68200114E-3,799.999979790E-6,
,,,52.68400162E-3,799.999979790E-6,
,,,52.68600211E-3,799.999979790E-6,
,,,52.68799886E-3,799.999979790E-6,
,,,52.68999934E-3,799.999979790E-6,
,,,52.69199982E-3,799.999979790E-6,
,,,52.69400030E-3,0.0,
,,,52.69600078E-3,799.999979790E-6,
,,,52.69800127E-3,0.0,
,,,52.70000175E-3,799.999979790E-6,
,,,52.70200223E-3,799.999979790E-6,
,,,52.70399898E-3,0.0,
,,,52.70599946E-3,0.0,
,,,52.70799994E-3,0.0,
,,,52.71000043E-3,0.0,
,,,52.71200091E-3,0.0,
,,,52.71400139E-3,0.0,
,,,52.71600187E-3,0.0,
,,,52.71800235E-3,0.0,
,,,52.71999910E-3,0.0,
,,,52.72199959E-3,-799.999979790E-6,
,,,52.72400007E-3,0.0,
,,,52.72600055E-3,0.0,
,,,52.72800103E-3,0.0,
,,,52.73000151E-3,-799.999979790E-6,
,,,52.73200199E-3,-799.999979790E-6,
,,,52.73399875E-3,0.0,
,,,52.73599923E-3,-799.999979790E-6,
,,,52.73799971E-3,0.0,
,,,52.74000019E-3,-799.999979790E-6,
,,,52.74200067E-3,-799.999979790E-6,
,,,52.74400115E-3,-799.999979790E-6,
,,,52.74600163E-3,-799.999979790E-6,
,,,52.74800211E-3,-799.999979790E-6,
,,,52.74999887E-3,-799.999979790E-6,
,,,52.75199935E-3,-799.999979790E-6,
,,,52.75399983E-3,-1.6000000E-3,
,,,52.75600031E-3,-799.999979790E-6,
,,,52.75800079E-3,-799.999979790E-6,
,,,52.76000127E-3,-1.6000000E-3,
,,,52.76200175E-3,-1.6000000E-3,
,,,52.76400223E-3,-799.999979790E-6,
,,,52.76599899E-3,-799.999979790E-6,
,,,52.76799947E-3,-799.999979790E-6,
,,,52.76999995E-3,-1.6000000E-3,
,,,52.77200043E-3,-1.6000000E-3,
,,,52.77400091E-3,-1.6000000E-3,
,,,52.77600139E-3,-1.6000000E-3,
,,,52.77800187E-3,-1.6000000E-3,
,,,52.78000236E-3,-1.6000000E-3,
,,,52.78199911E-3,-2.3999999E-3,
,,,52.78399959E-3,-1.6000000E-3,
,,,52.78600007E-3,-2.3999999E-3,
,,,52.78800055E-3,-2.3999999E-3,
,,,52.79000103E-3,-2.3999999E-3,
,,,52.79200152E-3,-2.3999999E-3,
,,,52.79400200E-3,-1.6000000E-3,
,,,52.79599875E-3,-2.3999999E-3,
,,,52.79799923E-3,-2.3999999E-3,
,,,52.79999971E-3,-2.3999999E-3,
,,,52.80200019E-3,-3.19999992E-3,
,,,52.80400068E-3,-3.19999992E-3,
,,,52.80600116E-3,-3.19999992E-3,
,,,52.80800164E-3,-1.6000000E-3,
,,,52.81000212E-3,-3.19999992E-3,
,,,52.81199887E-3,-3.19999992E-3,
,,,52.81399935E-3,-2.3999999E-3,
,,,52.81599984E-3,-3.19999992E-3,
,,,52.81800032E-3,-3.19999992E-3,
,,,52.82000080E-3,-3.19999992E-3,
,,,52.82200128E-3,-1.6000000E-3,
,,,52.82400176E-3,-3.19999992E-3,
,,,52.82600224E-3,-3.19999992E-3,
,,,52.82799900E-3,-3.99999972E-3,
,,,52.82999948E-3,-3.19999992E-3,
,,,52.83199996E-3,-3.19999992E-3,
,,,52.83400044E-3,-3.19999992E-3,
,,,52.83600092E-3,-1.6000000E-3,
,,,52.83800140E-3,-3.19999992E-3,
,,,52.84000188E-3,-3.19999992E-3,
,,,52.84200236E-3,-3.19999992E-3,
,,,52.84399912E-3,-3.19999992E-3,
,,,52.84599960E-3,-3.19999992E-3,
,,,52.84800008E-3,-3.99999972E-3,
,,,52.85000056E-3,-3.19999992E-3,
,,,52.85200104E-3,-3.19999992E-3,
,,,52.85400152E-3,-3.99999972E-3,
,,,52.85600200E-3,-3.99999972E-3,
,,,52.85799876E-3,-3.99999972E-3,
,,,52.85999924E-3,-3.19999992E-3,
,,,52.86199972E-3,-3.99999972E-3,
,,,52.86400020E-3,-3.19999992E-3,
,,,52.86600068E-3,-3.19999992E-3,
,,,52.86800116E-3,-3.99999972E-3,
,,,52.87000164E-3,-3.99999972E-3,
,,,52.87200212E-3,-3.99999972E-3,
,,,52.87399888E-3,-3.19999992E-3,
,,,52.87599936E-3,-3.99999972E-3,
,,,52.87799984E-3,-3.19999992E-3,
,,,52.88000032E-3,-1.6000000E-3,
,,,52.88200080E-3,-3.19999992E-3,
,,,52.88400128E-3,-3.99999972E-3,
,,,52.88600177E-3,-3.99999972E-3,
,,,52.88800225E-3,-3.99999972E-3,
,,,52.88999900E-3,-3.99999972E-3,
,,,52.89199948E-3,-3.19999992E-3,
,,,52.89399996E-3,-799.999979790E-6,
,,,52.89600044E-3,-3.99999972E-3,
,,,52.89800093E-3,-2.3999999E-3,
,,,52.90000141E-3,-3.19999992E-3,
,,,52.90200189E-3,-3.19999992E-3,
,,,52.90400237E-3,-3.19999992E-3,
,,,52.90599912E-3,-2.3999999E-3,
,,,52.90799960E-3,-799.999979790E-6,
,,,52.91000009E-3,-3.19999992E-3,
,,,52.91200057E-3,-2.3999999E-3,
,,,52.91400105E-3,-2.3999999E-3,
,,,52.91600153E-3,-2.3999999E-3,
,,,52.91800201E-3,-1.6000000E-3,
,,,52.91999876E-3,-2.3999999E-3,
,,,52.92199925E-3,0.0,
,,,52.92399973E-3,-1.6000000E-3,
,,,52.92600021E-3,-1.6000000E-3,
,,,52.92800069E-3,-1.6000000E-3,
,,,52.93000117E-3,-1.6000000E-3,
,,,52.93200165E-3,-799.999979790E-6,
,,,52.93400213E-3,-799.999979790E-6,
,,,52.93599889E-3,0.0,
,,,52.93799937E-3,-799.999979790E-6,
,,,52.93999985E-3,0.0,
,,,52.94200033E-3,-799.999979790E-6,
,,,52.94400081E-3,-799.999979790E-6,
,,,52.94600129E-3,0.0,
,,,52.94800177E-3,0.0,
,,,52.95000225E-3,799.999979790E-6,
,,,52.95199901E-3,1.6000000E-3,
,,,52.95399949E-3,799.999979790E-6,
,,,52.95599997E-3,1.6000000E-3,
,,,52.95800045E-3,1.6000000E-3,
,,,52.96000093E-3,1.6000000E-3,
,,,52.96200141E-3,1.6000000E-3,
,,,52.96400189E-3,2.3999999E-3,
,,,52.96600237E-3,2.3999999E-3,
,,,52.96799913E-3,2.3999999E-3,
,,,52.96999961E-3,2.3999999E-3,
,,,52.97200009E-3,3.19999992E-3,
,,,52.97400057E-3,3.19999992E-3,
,,,52.97600105E-3,3.19999992E-3,
,,,52.97800153E-3,3.99999972E-3,
,,,52.98000202E-3,3.99999972E-3,
,,,52.98199877E-3,3.99999972E-3,
,,,52.98399925E-3,4.79999976E-3,
,,,52.98599973E-3,4.79999976E-3,
,,,52.98800021E-3,4.79999976E-3,
,,,52.99000069E-3,5.59999980E-3,
,,,52.99200118E-3,5.59999980E-3,
,,,52.99400166E-3,4.79999976E-3,
,,,52.99600214E-3,6.39999984E-3,
,,,52.99799889E-3,6.39999984E-3,
,,,52.99999937E-3,6.39999984E-3,
,,,53.00199986E-3,6.39999984E-3,
,,,53.00400034E-3,6.39999984E-3,
,,,53.00600082E-3,7.999999449E-3,
,,,53.00800130E-3,6.39999984E-3,
,,,53.01000178E-3,7.19999988E-3,
,,,53.01200226E-3,7.999999449E-3,
,,,53.01399902E-3,8.799999952E-3,
,,,53.01599950E-3,7.999999449E-3,
,,,53.01799998E-3,7.999999449E-3,
,,,53.02000046E-3,9.599999525E-3,
,,,53.02200094E-3,7.999999449E-3,
,,,53.02400142E-3,8.799999952E-3,
,,,53.02600190E-3,9.599999525E-3,
,,,53.02800238E-3,10.4000000E-3,
,,,53.02999914E-3,10.4000000E-3,
,,,53.03199962E-3,10.4000000E-3,
,,,53.03400010E-3,10.4000000E-3,
,,,53.03600058E-3,9.599999525E-3,
,,,53.03800106E-3,10.4000000E-3,
,,,53.04000154E-3,11.1999996E-3,
,,,53.04200202E-3,11.1999996E-3,
,,,53.04399878E-3,11.1999996E-3,
,,,53.04599926E-3,12.0000001E-3,
,,,53.04799974E-3,12.0000001E-3,
,,,53.05000022E-3,10.4000000E-3,
,,,53.05200070E-3,11.1999996E-3,
,,,53.05400118E-3,12.0000001E-3,
,,,53.05600166E-3,12.0000001E-3,
,,,53.05800214E-3,13.5999992E-3,
,,,53.05999890E-3,12.7999997E-3,
,,,53.06199938E-3,12.7999997E-3,
,,,53.06399986E-3,12.7999997E-3,
,,,53.06600034E-3,10.4000000E-3,
,,,53.06800082E-3,13.5999992E-3,
,,,53.07000130E-3,13.5999992E-3,
,,,53.07200179E-3,13.5999992E-3,
,,,53.07400227E-3,13.5999992E-3,
,,,53.07599902E-3,13.5999992E-3,
,,,53.07799950E-3,13.5999992E-3,
,,,53.07999998E-3,11.1999996E-3,
,,,53.08200046E-3,14.3999998E-3,
,,,53.08400095E-3,14.3999998E-3,
,,,53.08600143E-3,13.5999992E-3,
,,,53.08800191E-3,13.5999992E-3,
,,,53.09000239E-3,13.5999992E-3,
,,,53.09199914E-3,14.3999998E-3,
,,,53.09399962E-3,10.4000000E-3,
,,,53.09600011E-3,13.5999992E-3,
,,,53.09800059E-3,14.3999998E-3,
,,,53.10000107E-3,14.3999998E-3,
,,,53.10200155E-3,13.5999992E-3,
,,,53.10400203E-3,14.3999998E-3,
,,,53.10599878E-3,14.3999998E-3,
,,,53.10799927E-3,11.1999996E-3,
,,,53.10999975E-3,14.3999998E-3,
,,,53.11200023E-3,13.5999992E-3,
,,,53.11400071E-3,13.5999992E-3,
,,,53.11600119E-3,14.3999998E-3,
,,,53.11800167E-3,13.5999992E-3,
,,,53.12000215E-3,13.5999992E-3,
,,,53.12199891E-3,11.1999996E-3,
,,,53.12399939E-3,12.7999997E-3,
,,,53.12599987E-3,12.7999997E-3,
,,,53.12800035E-3,13.5999992E-3,
,,,53.13000083E-3,13.5999992E-3,
,,,53.13200131E-3,12.7999997E-3,
,,,53.13400179E-3,12.7999997E-3,
,,,53.13600227E-3,11.1999996E-3,
,,,53.13799903E-3,12.7999997E-3,
,,,53.13999951E-3,12.7999997E-3,
,,,53.14199999E-3,12.7999997E-3,
,,,53.14400047E-3,12.7999997E-3,
,,,53.14600095E-3,12.0000001E-3,
,,,53.14800143E-3,12.0000001E-3,
,,,53.15000191E-3,10.4000000E-3,
,,,53.15200239E-3,11.1999996E-3,
,,,53.15399915E-3,11.1999996E-3,
,,,53.15599963E-3,11.1999996E-3,
,,,53.15800011E-3,11.1999996E-3,
,,,53.16000059E-3,11.1999996E-3,
,,,53.16200107E-3,11.1999996E-3,
,,,53.16400155E-3,10.4000000E-3,
,,,53.16600204E-3,10.4000000E-3,
,,,53.16799879E-3,10.4000000E-3,
,,,53.16999927E-3,10.4000000E-3,
,,,53.17199975E-3,10.4000000E-3,
,,,53.17400023E-3,10.4000000E-3,
,,,53.17600071E-3,9.599999525E-3,
,,,53.17800120E-3,9.599999525E-3,
,,,53.18000168E-3,9.599999525E-3,
,,,53.18200216E-3,9.599999525E-3,
,,,53.18399891E-3,9.599999525E-3,
,,,53.18599939E-3,8.799999952E-3,
,,,53.18799987E-3,8.799999952E-3,
,,,53.19000036E-3,7.999999449E-3,
,,,53.19200084E-3,7.999999449E-3,
,,,53.19400132E-3,7.999999449E-3,
,,,53.19600180E-3,7.999999449E-3,
,,,53.19800228E-3,7.999999449E-3,
,,,53.19999903E-3,7.999999449E-3,
,,,53.20199952E-3,7.999999449E-3,
,,,53.20400000E-3,7.999999449E-3,
,,,53.20600048E-3,7.19999988E-3,
,,,53.20800096E-3,7.19999988E-3,
,,,53.21000144E-3,7.19999988E-3,
,,,53.21200192E-3,7.19999988E-3,
,,,53.21399868E-3,7.19999988E-3,
,,,53.21599916E-3,7.19999988E-3,
,,,53.21799964E-3,6.39999984E-3,
,,,53.22000012E-3,6.39999984E-3,
,,,53.22200060E-3,6.39999984E-3,
,,,53.22400108E-3,7.19999988E-3,
,,,53.22600156E-3,6.39999984E-3,
,,,53.22800204E-3,6.39999984E-3,
,,,53.22999880E-3,5.59999980E-3,
,,,53.23199928E-3,5.59999980E-3,
,,,53.23399976E-3,5.59999980E-3,
,,,53.23600024E-3,5.59999980E-3,
,,,53.23800072E-3,5.59999980E-3,
,,,53.24000120E-3,4.79999976E-3,
,,,53.24200168E-3,4.79999976E-3,
,,,53.24400216E-3,4.79999976E-3,
,,,53.24599892E-3,4.79999976E-3,
,,,53.24799940E-3,3.99999972E-3,
,,,53.24999988E-3,4.79999976E-3,
,,,53.25200036E-3,4.79999976E-3,
,,,53.25400084E-3,3.99999972E-3,
,,,53.25600132E-3,3.99999972E-3,
,,,53.25800180E-3,3.99999972E-3,
,,,53.26000229E-3,3.99999972E-3,
,,,53.26199904E-3,3.99999972E-3,
,,,53.26399952E-3,3.99999972E-3,
,,,53.26600000E-3,4.79999976E-3,
,,,53.26800048E-3,3.19999992E-3,
,,,53.27000096E-3,3.99999972E-3,
,,,53.27200145E-3,3.19999992E-3,
,,,53.27400193E-3,3.19999992E-3,
,,,53.27599868E-3,3.19999992E-3,
,,,53.27799916E-3,3.19999992E-3,
,,,53.27999964E-3,5.59999980E-3,
,,,53.28200012E-3,3.19999992E-3,
,,,53.28400061E-3,2.3999999E-3,
,,,53.28600109E-3,2.3999999E-3,
,,,53.28800157E-3,2.3999999E-3,
,,,53.29000205E-3,1.6000000E-3,
,,,53.29199880E-3,2.3999999E-3,
,,,53.29399928E-3,4.79999976E-3,
,,,53.29599977E-3,1.6000000E-3,
,,,53.29800025E-3,2.3999999E-3,
,,,53.30000073E-3,1.6000000E-3,
,,,53.30200121E-3,2.3999999E-3,
,,,53.30400169E-3,1.6000000E-3,
,,,53.30600217E-3,2.3999999E-3,
,,,53.30799893E-3,4.79999976E-3,
,,,53.30999941E-3,1.6000000E-3,
,,,53.31199989E-3,2.3999999E-3,
,,,53.31400037E-3,1.6000000E-3,
,,,53.31600085E-3,1.6000000E-3,
,,,53.31800133E-3,1.6000000E-3,
,,,53.32000181E-3,1.6000000E-3,
,,,53.32200229E-3,3.99999972E-3,
,,,53.32399905E-3,2.3999999E-3,
,,,53.32599953E-3,1.6000000E-3,
,,,53.32800001E-3,1.6000000E-3,
,,,53.33000049E-3,1.6000000E-3,
,,,53.33200097E-3,1.6000000E-3,
,,,53.33400145E-3,799.999979790E-6,
,,,53.33600193E-3,3.19999992E-3,
,,,53.33799869E-3,2.3999999E-3,
,,,53.33999917E-3,1.6000000E-3,
,,,53.34199965E-3,1.6000000E-3,
,,,53.34400013E-3,799.999979790E-6,
,,,53.34600061E-3,1.6000000E-3,
,,,53.34800109E-3,1.6000000E-3,
,,,53.35000157E-3,2.3999999E-3,
,,,53.35200205E-3,2.3999999E-3,
,,,53.35399881E-3,1.6000000E-3,
,,,53.35599929E-3,1.6000000E-3,
,,,53.35799977E-3,1.6000000E-3,
,,,53.36000025E-3,1.6000000E-3,
,,,53.36200073E-3,1.6000000E-3,
,,,53.36400121E-3,2.3999999E-3,
,,,53.36600170E-3,3.19999992E-3,
,,,53.36800218E-3,799.999979790E-6,
,,,53.36999893E-3,2.3999999E-3,
,,,53.37199941E-3,1.6000000E-3,
,,,53.37399989E-3,1.6000000E-3,
,,,53.37600037E-3,1.6000000E-3,
,,,53.37800086E-3,1.6000000E-3,
,,,53.38000134E-3,3.19999992E-3,
,,,53.38200182E-3,1.6000000E-3,
,,,53.38400230E-3,2.3999999E-3,
,,,53.38599905E-3,2.3999999E-3,
,,,53.38799953E-3,1.6000000E-3,
,,,53.39000002E-3,1.6000000E-3,
,,,53.39200050E-3,1.6000000E-3,
,,,53.39400098E-3,3.99999972E-3,
,,,53.39600146E-3,1.6000000E-3,
,,,53.39800194E-3,2.3999999E-3,
,,,53.39999869E-3,1.6000000E-3,
,,,53.40199918E-3,2.3999999E-3,
,,,53.40399966E-3,2.3999999E-3,
,,,53.40600014E-3,2.3999999E-3,
,,,53.40800062E-3,3.19999992E-3,
,,,53.41000110E-3,3.19999992E-3,
,,,53.41200158E-3,3.19999992E-3,
,,,53.41400206E-3,2.3999999E-3,
,,,53.41599882E-3,2.3999999E-3,
,,,53.41799930E-3,2.3999999E-3,
,,,53.41999978E-3,2.3999999E-3,
,,,53.42200026E-3,3.19999992E-3,
,,,53.42400074E-3,3.19999992E-3,
,,,53.42600122E-3,2.3999999E-3,
,,,53.42800170E-3,3.19999992E-3,
,,,53.43000218E-3,3.19999992E-3,
,,,53.43199894E-3,3.19999992E-3,
,,,53.43399942E-3,3.19999992E-3,
,,,53.43599990E-3,3.19999992E-3,
,,,53.43800038E-3,3.99999972E-3,
,,,53.44000086E-3,3.19999992E-3,
,,,53.44200134E-3,3.19999992E-3,
,,,53.44400182E-3,3.19999992E-3,
,,,53.44600230E-3,3.99999972E-3,
,,,53.44799906E-3,3.99999972E-3,
,,,53.44999954E-3,4.79999976E-3,
,,,53.45200002E-3,3.99999972E-3,
,,,53.45400050E-3,3.99999972E-3,
,,,53.45600098E-3,3.99999972E-3,
,,,53.45800146E-3,3.99999972E-3,
,,,53.46000195E-3,4.79999976E-3,
,,,53.46199870E-3,4.79999976E-3,
,,,53.46399918E-3,4.79999976E-3,
,,,53.46599966E-3,3.99999972E-3,
,,,53.46800014E-3,4.79999976E-3,
,,,53.47000062E-3,4.79999976E-3,
,,,53.47200111E-3,3.99999972E-3,
,,,53.47400159E-3,5.59999980E-3,
,,,53.47600207E-3,4.79999976E-3,
,,,53.47799882E-3,4.79999976E-3,
,,,53.47999930E-3,4.79999976E-3,
,,,53.48199978E-3,4.79999976E-3,
,,,53.48400027E-3,4.79999976E-3,
,,,53.48600075E-3,5.59999980E-3,
,,,53.48800123E-3,5.59999980E-3,
,,,53.49000171E-3,5.59999980E-3,
,,,53.49200219E-3,5.59999980E-3,
,,,53.49399894E-3,5.59999980E-3,
,,,53.49599943E-3,5.59999980E-3,
,,,53.49799991E-3,5.59999980E-3,
,,,53.50000039E-3,5.59999980E-3,
,,,53.50200087E-3,5.59999980E-3,
,,,53.50400135E-3,5.59999980E-3,
,,,53.50600183E-3,5.59999980E-3,
,,,53.50800231E-3,5.59999980E-3,
,,,53.50999907E-3,6.39999984E-3,
,,,53.51199955E-3,5.59999980E-3,
,,,53.51400003E-3,5.59999980E-3,
,,,53.51600051E-3,6.39999984E-3,
,,,53.51800099E-3,6.39999984E-3,
,,,53.52000147E-3,6.39999984E-3,
,,,53.52200195E-3,4.79999976E-3,
,,,53.52399871E-3,5.59999980E-3,
,,,53.52599919E-3,6.39999984E-3,
,,,53.52799967E-3,6.39999984E-3,
,,,53.53000015E-3,5.59999980E-3,
,,,53.53200063E-3,5.59999980E-3,
,,,53.53400111E-3,6.39999984E-3,
,,,53.53600159E-3,5.59999980E-3,
,,,53.53800207E-3,6.39999984E-3,
,,,53.53999883E-3,5.59999980E-3,
,,,53.54199931E-3,6.39999984E-3,
,,,53.54399979E-3,6.39999984E-3,
,,,53.54600027E-3,5.59999980E-3,
,,,53.54800075E-3,5.59999980E-3,
,,,53.55000123E-3,5.59999980E-3,
,,,53.55200171E-3,5.59999980E-3,
,,,53.55400220E-3,6.39999984E-3,
,,,53.55599895E-3,6.39999984E-3,
,,,53.55799943E-3,5.59999980E-3,
,,,53.55999991E-3,6.39999984E-3,
,,,53.56200039E-3,5.59999980E-3,
,,,53.56400087E-3,5.59999980E-3,
,,,53.56600136E-3,5.59999980E-3,
,,,53.56800184E-3,5.59999980E-3,
,,,53.57000232E-3,5.59999980E-3,
,,,53.57199907E-3,5.59999980E-3,
,,,53.57399955E-3,5.59999980E-3,
,,,53.57600003E-3,5.59999980E-3,
,,,53.57800052E-3,5.59999980E-3,
,,,53.58000100E-3,4.79999976E-3,
,,,53.58200148E-3,5.59999980E-3,
,,,53.58400196E-3,5.59999980E-3,
,,,53.58599871E-3,4.79999976E-3,
,,,53.58799919E-3,5.59999980E-3,
,,,53.58999968E-3,5.59999980E-3,
,,,53.59200016E-3,4.79999976E-3,
,,,53.59400064E-3,3.99999972E-3,
,,,53.59600112E-3,4.79999976E-3,
,,,53.59800160E-3,5.59999980E-3,
,,,53.60000208E-3,5.59999980E-3,
,,,53.60199884E-3,4.79999976E-3,
,,,53.60399932E-3,4.79999976E-3,
,,,53.60599980E-3,4.79999976E-3,
,,,53.60800028E-3,4.79999976E-3,
,,,53.61000076E-3,4.79999976E-3,
,,,53.61200124E-3,4.79999976E-3,
,,,53.61400172E-3,4.79999976E-3,
,,,53.61600220E-3,3.99999972E-3,
,,,53.61799896E-3,3.99999972E-3,
,,,53.61999944E-3,4.79999976E-3,
,,,53.62199992E-3,4.79999976E-3,
,,,53.62400040E-3,3.99999972E-3,
,,,53.62600088E-3,3.99999972E-3,
,,,53.62800136E-3,3.99999972E-3,
,,,53.63000184E-3,4.79999976E-3,
,,,53.63200232E-3,3.99999972E-3,
,,,53.63399908E-3,3.99999972E-3,
,,,53.63599956E-3,3.99999972E-3,
,,,53.63800004E-3,3.99999972E-3,
,,,53.64000052E-3,3.99999972E-3,
,,,53.64200100E-3,3.19999992E-3,
,,,53.64400148E-3,3.99999972E-3,
,,,53.64600196E-3,3.99999972E-3,
,,,53.64799872E-3,3.99999972E-3,
,,,53.64999920E-3,3.19999992E-3,
,,,53.65199968E-3,3.99999972E-3,
,,,53.65400016E-3,3.19999992E-3,
,,,53.65600064E-3,3.99999972E-3,
,,,53.65800112E-3,3.99999972E-3,
,,,53.66000161E-3,3.19999992E-3,
,,,53.66200209E-3,3.19999992E-3,
,,,53.66399884E-3,3.19999992E-3,
,,,53.66599932E-3,3.19999992E-3,
,,,53.66799980E-3,3.19999992E-3,
,,,53.67000028E-3,2.3999999E-3,
,,,53.67200077E-3,3.19999992E-3,
,,,53.67400125E-3,3.19999992E-3,
,,,53.67600173E-3,3.19999992E-3,
,,,53.67800221E-3,3.19999992E-3,
,,,53.67999896E-3,3.19999992E-3,
,,,53.68199944E-3,2.3999999E-3,
,,,53.68399993E-3,2.3999999E-3,
,,,53.68600041E-3,2.3999999E-3,
,,,53.68800089E-3,2.3999999E-3,
,,,53.69000137E-3,3.19999992E-3,
,,,53.69200185E-3,2.3999999E-3,
,,,53.69400233E-3,3.19999992E-3,
,,,53.69599909E-3,2.3999999E-3,
,,,53.69799957E-3,2.3999999E-3,
,,,53.70000005E-3,2.3999999E-3,
,,,53.70200053E-3,2.3999999E-3,
,,,53.70400101E-3,2.3999999E-3,
,,,53.70600149E-3,2.3999999E-3,
,,,53.70800197E-3,2.3999999E-3,
,,,53.70999873E-3,1.6000000E-3,
,,,53.71199921E-3,2.3999999E-3,
,,,53.71399969E-3,2.3999999E-3,
,,,53.71600017E-3,2.3999999E-3,
,,,53.71800065E-3,1.6000000E-3,
,,,53.72000113E-3,1.6000000E-3,
,,,53.72200161E-3,2.3999999E-3,
,,,53.72400209E-3,2.3999999E-3,
,,,53.72599885E-3,1.6000000E-3,
,,,53.72799933E-3,2.3999999E-3,
,,,53.72999981E-3,2.3999999E-3,
,,,53.73200029E-3,2.3999999E-3,
,,,53.73400077E-3,1.6000000E-3,
,,,53.73600125E-3,1.6000000E-3,
,,,53.73800173E-3,2.3999999E-3,
,,,53.74000221E-3,1.6000000E-3,
,,,53.74199897E-3,1.6000000E-3,
,,,53.74399945E-3,1.6000000E-3,
,,,53.74599993E-3,1.6000000E-3,
,,,53.74800041E-3,1.6000000E-3,
,,,53.75000089E-3,1.6000000E-3,
,,,53.75200137E-3,1.6000000E-3,
,,,53.75400186E-3,1.6000000E-3,
,,,53.75600234E-3,1.6000000E-3,
,,,53.75799909E-3,1.6000000E-3,
,,,53.75999957E-3,1.6000000E-3,
,,,53.76200005E-3,1.6000000E-3,
,,,53.76400054E-3,1.6000000E-3,
,,,53.76600102E-3,2.3999999E-3,
,,,53.76800150E-3,1.6000000E-3,
,,,53.77000198E-3,1.6000000E-3,
,,,53.77199873E-3,1.6000000E-3,
,,,53.77399921E-3,1.6000000E-3,
,,,53.77599970E-3,1.6000000E-3,
,,,53.77800018E-3,1.6000000E-3,
,,,53.78000066E-3,1.6000000E-3,
,,,53.78200114E-3,1.6000000E-3,
,,,53.78400162E-3,1.6000000E-3,
,,,53.78600210E-3,1.6000000E-3,
,,,53.78799886E-3,1.6000000E-3,
,,,53.78999934E-3,1.6000000E-3,
,,,53.79199982E-3,1.6000000E-3,
,,,53.79400030E-3,1.6000000E-3,
,,,53.79600078E-3,1.6000000E-3,
,,,53.79800126E-3,799.999979790E-6,
,,,53.80000174E-3,799.999979790E-6,
,,,53.80200222E-3,799.999979790E-6,
,,,53.80399898E-3,799.999979790E-6,
,,,53.80599946E-3,799.999979790E-6,
,,,53.80799994E-3,1.6000000E-3,
,,,53.81000042E-3,799.999979790E-6,
,,,53.81200090E-3,1.6000000E-3,
,,,53.81400138E-3,1.6000000E-3,
,,,53.81600186E-3,1.6000000E-3,
,,,53.81800234E-3,1.6000000E-3,
,,,53.81999910E-3,1.6000000E-3,
,,,53.82199958E-3,1.6000000E-3,
,,,53.82400006E-3,1.6000000E-3,
,,,53.82600054E-3,1.6000000E-3,
,,,53.82800102E-3,1.6000000E-3,
,,,53.83000150E-3,799.999979790E-6,
,,,53.83200198E-3,799.999979790E-6,
,,,53.83399874E-3,799.999979790E-6,
,,,53.83599922E-3,1.6000000E-3,
,,,53.83799970E-3,1.6000000E-3,
,,,53.84000018E-3,799.999979790E-6,
,,,53.84200066E-3,1.6000000E-3,
,,,53.84400114E-3,1.6000000E-3,
,,,53.84600163E-3,1.6000000E-3,
,,,53.84800211E-3,1.6000000E-3,
,,,53.84999886E-3,1.6000000E-3,
,,,53.85199934E-3,1.6000000E-3,
,,,53.85399982E-3,1.6000000E-3,
,,,53.85600030E-3,1.6000000E-3,
,,,53.85800079E-3,1.6000000E-3,
,,,53.86000127E-3,1.6000000E-3,
,,,53.86200175E-3,1.6000000E-3,
,,,53.86400223E-3,1.6000000E-3,
,,,53.86599898E-3,1.6000000E-3,
,,,53.86799946E-3,799.999979790E-6,
,,,53.86999995E-3,799.999979790E-6,
,,,53.87200043E-3,799.999979790E-6,
,,,53.87400091E-3,799.999979790E-6,
,,,53.87600139E-3,799.999979790E-6,
,,,53.87800187E-3,1.6000000E-3,
,,,53.88000235E-3,1.6000000E-3,
,,,53.88199911E-3,1.6000000E-3,
,,,53.88399959E-3,1.6000000E-3,
,,,53.88600007E-3,1.6000000E-3,
,,,53.88800055E-3,1.6000000E-3,
,,,53.89000103E-3,1.6000000E-3,
,,,53.89200151E-3,1.6000000E-3,
,,,53.89400199E-3,1.6000000E-3,
,,,53.89599875E-3,1.6000000E-3,
,,,53.89799923E-3,1.6000000E-3,
,,,53.89999971E-3,799.999979790E-6,
,,,53.90200019E-3,799.999979790E-6,
,,,53.90400067E-3,799.999979790E-6,
,,,53.90600115E-3,799.999979790E-6,
,,,53.90800163E-3,1.6000000E-3,
,,,53.91000211E-3,799.999979790E-6,
,,,53.91199887E-3,1.6000000E-3,
,,,53.91399935E-3,1.6000000E-3,
,,,53.91599983E-3,1.6000000E-3,
,,,53.91800031E-3,1.6000000E-3,
,,,53.92000079E-3,1.6000000E-3,
,,,53.92200127E-3,1.6000000E-3,
,,,53.92400175E-3,1.6000000E-3,
,,,53.92600223E-3,1.6000000E-3,
,,,53.92799899E-3,1.6000000E-3,
,,,53.92999947E-3,1.6000000E-3,
,,,53.93199995E-3,1.6000000E-3,
,,,53.93400043E-3,1.6000000E-3,
,,,53.93600091E-3,1.6000000E-3,
,,,53.93800139E-3,1.6000000E-3,
,,,53.94000188E-3,799.999979790E-6,
,,,53.94200236E-3,799.999979790E-6,
,,,53.94399911E-3,799.999979790E-6,
,,,53.94599959E-3,799.999979790E-6,
,,,53.94800007E-3,799.999979790E-6,
,,,53.95000055E-3,799.999979790E-6,
,,,53.95200104E-3,1.6000000E-3,
,,,53.95400152E-3,1.6000000E-3,
,,,53.95600200E-3,1.6000000E-3,
,,,53.95799875E-3,1.6000000E-3,
,,,53.95999923E-3,1.6000000E-3,
,,,53.96199971E-3,1.6000000E-3,
,,,53.96400020E-3,1.6000000E-3,
,,,53.96600068E-3,1.6000000E-3,
,,,53.96800116E-3,1.6000000E-3,
,,,53.97000164E-3,1.6000000E-3,
,,,53.97200212E-3,1.6000000E-3,
,,,53.97399887E-3,1.6000000E-3,
,,,53.97599936E-3,1.6000000E-3,
,,,53.97799984E-3,1.6000000E-3,
,,,53.98000032E-3,1.6000000E-3,
,,,53.98200080E-3,1.6000000E-3,
,,,53.98400128E-3,799.999979790E-6,
,,,53.98600176E-3,799.999979790E-6,
,,,53.98800224E-3,1.6000000E-3,
,,,53.98999900E-3,1.6000000E-3,
,,,53.99199948E-3,1.6000000E-3,
,,,53.99399996E-3,1.6000000E-3,
,,,53.99600044E-3,1.6000000E-3,
,,,53.99800092E-3,1.6000000E-3,
,,,54.00000140E-3,1.6000000E-3,
,,,54.00200188E-3,1.6000000E-3,
,,,54.00400236E-3,1.6000000E-3,
,,,54.00599912E-3,1.6000000E-3,
,,,54.00799960E-3,1.6000000E-3,
,,,54.01000008E-3,1.6000000E-3,
,,,54.01200056E-3,1.6000000E-3,
,,,54.01400104E-3,1.6000000E-3,
,,,54.01600152E-3,1.6000000E-3,
,,,54.01800200E-3,1.6000000E-3,
,,,54.01999876E-3,1.6000000E-3,
,,,54.02199924E-3,1.6000000E-3,
,,,54.02399972E-3,1.6000000E-3,
,,,54.02600020E-3,1.6000000E-3,
,,,54.02800068E-3,1.6000000E-3,
,,,54.03000116E-3,1.6000000E-3,
,,,54.03200164E-3,1.6000000E-3,
,,,54.03400213E-3,1.6000000E-3,
,,,54.03599888E-3,1.6000000E-3,
,,,54.03799936E-3,1.6000000E-3,
,,,54.03999984E-3,1.6000000E-3,
,,,54.04200032E-3,1.6000000E-3,
,,,54.04400080E-3,1.6000000E-3,
,,,54.04600129E-3,1.6000000E-3,
,,,54.04800177E-3,1.6000000E-3,
,,,54.05000225E-3,1.6000000E-3,
,,,54.05199900E-3,1.6000000E-3,
,,,54.05399948E-3,1.6000000E-3,
,,,54.05599996E-3,1.6000000E-3,
,,,54.05800045E-3,2.3999999E-3,
,,,54.06000093E-3,2.3999999E-3,
,,,54.06200141E-3,1.6000000E-3,
,,,54.06400189E-3,1.6000000E-3,
,,,54.06600237E-3,1.6000000E-3,
,,,54.06799912E-3,1.6000000E-3,
,,,54.06999961E-3,1.6000000E-3,
,,,54.07200009E-3,1.6000000E-3,
,,,54.07400057E-3,1.6000000E-3,
,,,54.07600105E-3,1.6000000E-3,
,,,54.07800153E-3,1.6000000E-3,
,,,54.08000201E-3,1.6000000E-3,
,,,54.08199877E-3,1.6000000E-3,
,,,54.08399925E-3,1.6000000E-3,
,,,54.08599973E-3,1.6000000E-3,
,,,54.08800021E-3,1.6000000E-3,
,,,54.09000069E-3,1.6000000E-3,
,,,54.09200117E-3,1.6000000E-3,
,,,54.09400165E-3,1.6000000E-3,
,,,54.09600213E-3,2.3999999E-3,
,,,54.09799889E-3,1.6000000E-3,
,,,54.09999937E-3,1.6000000E-3,
,,,54.10199985E-3,1.6000000E-3,
,,,54.10400033E-3,1.6000000E-3,
,,,54.10600081E-3,1.6000000E-3,
,,,54.10800129E-3,1.6000000E-3,
,,,54.11000177E-3,1.6000000E-3,
,,,54.11200225E-3,1.6000000E-3,
,,,54.11399901E-3,1.6000000E-3,
,,,54.11599949E-3,1.6000000E-3,
,,,54.11799997E-3,1.6000000E-3,
,,,54.12000045E-3,1.6000000E-3,
,,,54.12200093E-3,1.6000000E-3,
,,,54.12400141E-3,1.6000000E-3,
,,,54.12600189E-3,1.6000000E-3,
,,,54.12800238E-3,1.6000000E-3,
,,,54.12999913E-3,2.3999999E-3,
,,,54.13199961E-3,1.6000000E-3,
,,,54.13400009E-3,2.3999999E-3,
,,,54.13600057E-3,2.3999999E-3,
,,,54.13800105E-3,1.6000000E-3,
,,,54.14000154E-3,1.6000000E-3,
,,,54.14200202E-3,1.6000000E-3,
,,,54.14399877E-3,1.6000000E-3,
,,,54.14599925E-3,1.6000000E-3,
,,,54.14799973E-3,1.6000000E-3,
,,,54.15000021E-3,1.6000000E-3,
,,,54.15200070E-3,1.6000000E-3,
,,,54.15400118E-3,1.6000000E-3,
,,,54.15600166E-3,1.6000000E-3,
,,,54.15800214E-3,1.6000000E-3,
,,,54.15999889E-3,1.6000000E-3,
,,,54.16199937E-3,1.6000000E-3,
,,,54.16399986E-3,1.6000000E-3,
,,,54.16600034E-3,1.6000000E-3,
,,,54.16800082E-3,1.6000000E-3,
,,,54.17000130E-3,1.6000000E-3,
,,,54.17200178E-3,2.3999999E-3,
,,,54.17400226E-3,2.3999999E-3,
,,,54.17599902E-3,1.6000000E-3,
,,,54.17799950E-3,1.6000000E-3,
,,,54.17999998E-3,1.6000000E-3,
,,,54.18200046E-3,1.6000000E-3,
,,,54.18400094E-3,1.6000000E-3,
,,,54.18600142E-3,1.6000000E-3,
,,,54.18800190E-3,1.6000000E-3,
,,,54.19000238E-3,1.6000000E-3,
,,,54.19199914E-3,1.6000000E-3,
,,,54.19399962E-3,1.6000000E-3,
,,,54.19600010E-3,1.6000000E-3,
,,,54.19800058E-3,1.6000000E-3,
,,,54.20000106E-3,1.6000000E-3,
,,,54.20200154E-3,1.6000000E-3,
,,,54.20400202E-3,1.6000000E-3,
,,,54.20599878E-3,1.6000000E-3,
,,,54.20799926E-3,2.3999999E-3,
,,,54.20999974E-3,2.3999999E-3,
,,,54.21200022E-3,2.3999999E-3,
,,,54.21400070E-3,1.6000000E-3,
,,,54.21600118E-3,1.6000000E-3,
,,,54.21800166E-3,1.6000000E-3,
,,,54.22000214E-3,1.6000000E-3,
,,,54.22199890E-3,1.6000000E-3,
,,,54.22399938E-3,1.6000000E-3,
,,,54.22599986E-3,1.6000000E-3,
,,,54.22800034E-3,1.6000000E-3,
,,,54.23000082E-3,1.6000000E-3,
,,,54.23200130E-3,1.6000000E-3,
,,,54.23400179E-3,1.6000000E-3,
,,,54.23600227E-3,1.6000000E-3,
,,,54.23799902E-3,1.6000000E-3,
,,,54.23999950E-3,1.6000000E-3,
,,,54.24199998E-3,1.6000000E-3,
,,,54.24400046E-3,1.6000000E-3,
,,,54.24600095E-3,1.6000000E-3,
,,,54.24800143E-3,2.3999999E-3,
,,,54.25000191E-3,2.3999999E-3,
,,,54.25200239E-3,1.6000000E-3,
,,,54.25399914E-3,1.6000000E-3,
,,,54.25599962E-3,1.6000000E-3,
,,,54.25800011E-3,1.6000000E-3,
,,,54.26000059E-3,1.6000000E-3,
,,,54.26200107E-3,1.6000000E-3,
,,,54.26400155E-3,1.6000000E-3,
,,,54.26600203E-3,1.6000000E-3,
,,,54.26799878E-3,1.6000000E-3,
,,,54.26999927E-3,1.6000000E-3,
,,,54.27199975E-3,1.6000000E-3,
,,,54.27400023E-3,1.6000000E-3,
,,,54.27600071E-3,1.6000000E-3,
,,,54.27800119E-3,1.6000000E-3,
,,,54.28000167E-3,1.6000000E-3,
,,,54.28200215E-3,1.6000000E-3,
,,,54.28399891E-3,1.6000000E-3,
,,,54.28599939E-3,1.6000000E-3,
,,,54.28799987E-3,1.6000000E-3,
,,,54.29000035E-3,1.6000000E-3,
,,,54.29200083E-3,1.6000000E-3,
,,,54.29400131E-3,1.6000000E-3,
,,,54.29600179E-3,1.6000000E-3,
,,,54.29800227E-3,1.6000000E-3,
,,,54.29999903E-3,1.6000000E-3,
,,,54.30199951E-3,1.6000000E-3,
,,,54.30399999E-3,1.6000000E-3,
,,,54.30600047E-3,1.6000000E-3,
,,,54.30800095E-3,1.6000000E-3,
,,,54.31000143E-3,1.6000000E-3,
,,,54.31200191E-3,1.6000000E-3,
,,,54.31399867E-3,1.6000000E-3,
,,,54.31599915E-3,1.6000000E-3,
,,,54.31799963E-3,1.6000000E-3,
,,,54.32000011E-3,1.6000000E-3,
,,,54.32200059E-3,1.6000000E-3,
,,,54.32400107E-3,1.6000000E-3,
,,,54.32600155E-3,1.6000000E-3,
,,,54.32800204E-3,1.6000000E-3,
,,,54.32999879E-3,2.3999999E-3,
,,,54.33199927E-3,1.6000000E-3,
,,,54.33399975E-3,1.6000000E-3,
,,,54.33600023E-3,1.6000000E-3,
,,,54.33800071E-3,1.6000000E-3,
,,,54.34000120E-3,1.6000000E-3,
,,,54.34200168E-3,1.6000000E-3,
,,,54.34400216E-3,1.6000000E-3,
,,,54.34599891E-3,1.6000000E-3,
,,,54.34799939E-3,1.6000000E-3,
,,,54.34999987E-3,1.6000000E-3,
,,,54.35200036E-3,1.6000000E-3,
,,,54.35400084E-3,1.6000000E-3,
,,,54.35600132E-3,1.6000000E-3,
,,,54.35800180E-3,1.6000000E-3,
,,,54.36000228E-3,1.6000000E-3,
,,,54.36199903E-3,1.6000000E-3,
,,,54.36399952E-3,1.6000000E-3,
,,,54.36600000E-3,1.6000000E-3,
,,,54.36800048E-3,1.6000000E-3,
,,,54.37000096E-3,1.6000000E-3,
,,,54.37200144E-3,1.6000000E-3,
,,,54.37400192E-3,1.6000000E-3,
,,,54.37599868E-3,1.6000000E-3,
,,,54.37799916E-3,1.6000000E-3,
,,,54.37999964E-3,1.6000000E-3,
,,,54.38200012E-3,1.6000000E-3,
,,,54.38400060E-3,1.6000000E-3,
,,,54.38600108E-3,1.6000000E-3,
,,,54.38800156E-3,1.6000000E-3,
,,,54.39000204E-3,1.6000000E-3,
,,,54.39199880E-3,1.6000000E-3,
,,,54.39399928E-3,1.6000000E-3,
,,,54.39599976E-3,1.6000000E-3,
,,,54.39800024E-3,1.6000000E-3,
,,,54.40000072E-3,1.6000000E-3,
,,,54.40200120E-3,1.6000000E-3,
,,,54.40400168E-3,1.6000000E-3,
,,,54.40600216E-3,1.6000000E-3,
,,,54.40799892E-3,1.6000000E-3,
,,,54.40999940E-3,1.6000000E-3,
,,,54.41199988E-3,1.6000000E-3,
,,,54.41400036E-3,1.6000000E-3,
,,,54.41600084E-3,1.6000000E-3,
,,,54.41800132E-3,1.6000000E-3,
,,,54.42000180E-3,1.6000000E-3,
,,,54.42200229E-3,1.6000000E-3,
,,,54.42399904E-3,1.6000000E-3,
,,,54.42599952E-3,1.6000000E-3,
,,,54.42800000E-3,1.6000000E-3,
,,,54.43000048E-3,1.6000000E-3,
,,,54.43200096E-3,1.6000000E-3,
,,,54.43400145E-3,1.6000000E-3,
,,,54.43600193E-3,1.6000000E-3,
,,,54.43799868E-3,1.6000000E-3,
,,,54.43999916E-3,1.6000000E-3,
,,,54.44199964E-3,1.6000000E-3,
,,,54.44400012E-3,799.999979790E-6,
,,,54.44600061E-3,1.6000000E-3,
,,,54.44800109E-3,799.999979790E-6,
,,,54.45000157E-3,1.6000000E-3,
,,,54.45200205E-3,1.6000000E-3,
,,,54.45399880E-3,1.6000000E-3,
,,,54.45599928E-3,1.6000000E-3,
,,,54.45799977E-3,1.6000000E-3,
,,,54.46000025E-3,1.6000000E-3,
,,,54.46200073E-3,1.6000000E-3,
,,,54.46400121E-3,1.6000000E-3,
,,,54.46600169E-3,1.6000000E-3,
,,,54.46800217E-3,1.6000000E-3,
,,,54.46999893E-3,1.6000000E-3,
,,,54.47199941E-3,1.6000000E-3,
,,,54.47399989E-3,1.6000000E-3,
,,,54.47600037E-3,1.6000000E-3,
,,,54.47800085E-3,1.6000000E-3,
,,,54.48000133E-3,1.6000000E-3,
,,,54.48200181E-3,1.6000000E-3,
,,,54.48400229E-3,799.999979790E-6,
,,,54.48599905E-3,799.999979790E-6,
,,,54.48799953E-3,799.999979790E-6,
,,,54.49000001E-3,1.6000000E-3,
,,,54.49200049E-3,1.6000000E-3,
,,,54.49400097E-3,1.6000000E-3,
,,,54.49600145E-3,1.6000000E-3,
,,,54.49800193E-3,1.6000000E-3,
,,,54.49999869E-3,1.6000000E-3,
,,,54.50199917E-3,1.6000000E-3,
,,,54.50399965E-3,1.6000000E-3,
,,,54.50600013E-3,1.6000000E-3,
,,,54.50800061E-3,1.6000000E-3,
,,,54.51000109E-3,1.6000000E-3,
,,,54.51200157E-3,1.6000000E-3,
,,,54.51400205E-3,1.6000000E-3,
,,,54.51599881E-3,1.6000000E-3,
,,,54.51799929E-3,1.6000000E-3,
,,,54.51999977E-3,1.6000000E-3,
,,,54.52200025E-3,1.6000000E-3,
,,,54.52400073E-3,1.6000000E-3,
,,,54.52600121E-3,1.6000000E-3,
,,,54.52800170E-3,1.6000000E-3,
,,,54.53000218E-3,1.6000000E-3,
,,,54.53199893E-3,1.6000000E-3,
,,,54.53399941E-3,1.6000000E-3,
,,,54.53599989E-3,1.6000000E-3,
,,,54.53800038E-3,1.6000000E-3,
,,,54.54000086E-3,1.6000000E-3,
,,,54.54200134E-3,1.6000000E-3,
,,,54.54400182E-3,1.6000000E-3,
,,,54.54600230E-3,1.6000000E-3,
,,,54.54799905E-3,1.6000000E-3,
,,,54.54999954E-3,1.6000000E-3,
,,,54.55200002E-3,1.6000000E-3,
,,,54.55400050E-3,1.6000000E-3,
,,,54.55600098E-3,1.6000000E-3,
,,,54.55800146E-3,1.6000000E-3,
,,,54.56000194E-3,1.6000000E-3,
,,,54.56199870E-3,799.999979790E-6,
,,,54.56399918E-3,799.999979790E-6,
,,,54.56599966E-3,799.999979790E-6,
,,,54.56800014E-3,1.6000000E-3,
,,,54.57000062E-3,1.6000000E-3,
,,,54.57200110E-3,1.6000000E-3,
,,,54.57400158E-3,1.6000000E-3,
,,,54.57600206E-3,1.6000000E-3,
,,,54.57799882E-3,1.6000000E-3,
,,,54.57999930E-3,1.6000000E-3,
,,,54.58199978E-3,1.6000000E-3,
,,,54.58400026E-3,1.6000000E-3,
,,,54.58600074E-3,1.6000000E-3,
,,,54.58800122E-3,1.6000000E-3,
,,,54.59000170E-3,1.6000000E-3,
,,,54.59200218E-3,1.6000000E-3,
,,,54.59399894E-3,1.6000000E-3,
,,,54.59599942E-3,1.6000000E-3,
,,,54.59799990E-3,1.6000000E-3,
,,,54.600000381E-3,1.6000000E-3,
,,,54.602000862E-3,1.6000000E-3,
,,,54.604001343E-3,1.6000000E-3,
,,,54.606001824E-3,1.6000000E-3,
,,,54.608002305E-3,1.6000000E-3,
,,,54.609999061E-3,1.6000000E-3,
,,,54.611999542E-3,1.6000000E-3,
,,,54.614000022E-3,1.6000000E-3,
,,,54.616000503E-3,1.6000000E-3,
,,,54.618000984E-3,1.6000000E-3,
,,,54.620001465E-3,1.6000000E-3,
,,,54.622001946E-3,1.6000000E-3,
,,,54.623998702E-3,1.6000000E-3,
,,,54.625999182E-3,1.6000000E-3,
,,,54.627999663E-3,1.6000000E-3,
,,,54.630000144E-3,1.6000000E-3,
,,,54.632000625E-3,1.6000000E-3,
,,,54.634001106E-3,1.6000000E-3,
,,,54.636001587E-3,1.6000000E-3,
,,,54.638002068E-3,1.6000000E-3,
,,,54.639998823E-3,2.3999999E-3,
,,,54.641999304E-3,2.3999999E-3,
,,,54.643999785E-3,2.3999999E-3,
,,,54.646000266E-3,1.6000000E-3,
,,,54.648000747E-3,1.6000000E-3,
,,,54.650001228E-3,1.6000000E-3,
,,,54.652001709E-3,1.6000000E-3,
,,,54.654002190E-3,1.6000000E-3,
,,,54.655998945E-3,1.6000000E-3,
,,,54.657999426E-3,1.6000000E-3,
,,,54.659999907E-3,1.6000000E-3,
,,,54.662000388E-3,1.6000000E-3,
,,,54.664000869E-3,1.6000000E-3,
,,,54.666001350E-3,1.6000000E-3,
,,,54.668001831E-3,1.6000000E-3,
,,,54.670002311E-3,1.6000000E-3,
,,,54.671999067E-3,1.6000000E-3,
,,,54.673999548E-3,1.6000000E-3,
,,,54.676000029E-3,1.6000000E-3,
,,,54.678000510E-3,1.6000000E-3,
,,,54.680000991E-3,2.3999999E-3,
,,,54.682001472E-3,2.3999999E-3,
,,,54.684001952E-3,2.3999999E-3,
,,,54.685998708E-3,1.6000000E-3,
,,,54.687999189E-3,1.6000000E-3,
,,,54.689999670E-3,1.6000000E-3,
,,,54.692000151E-3,1.6000000E-3,
,,,54.694000632E-3,1.6000000E-3,
,,,54.696001112E-3,1.6000000E-3,
,,,54.698001593E-3,1.6000000E-3,
,,,54.700002074E-3,1.6000000E-3,
,,,54.701998830E-3,1.6000000E-3,
,,,54.703999311E-3,1.6000000E-3,
,,,54.705999792E-3,1.6000000E-3,
,,,54.708000273E-3,1.6000000E-3,
,,,54.710000753E-3,1.6000000E-3,
,,,54.712001234E-3,1.6000000E-3,
,,,54.714001715E-3,1.6000000E-3,
,,,54.716002196E-3,1.6000000E-3,
,,,54.717998952E-3,1.6000000E-3,
,,,54.719999433E-3,2.3999999E-3,
,,,54.721999913E-3,1.6000000E-3,
,,,54.724000394E-3,2.3999999E-3,
,,,54.726000875E-3,1.6000000E-3,
,,,54.728001356E-3,1.6000000E-3,
,,,54.730001837E-3,1.6000000E-3,
,,,54.732002318E-3,1.6000000E-3,
,,,54.733999074E-3,1.6000000E-3,
,,,54.735999554E-3,1.6000000E-3,
,,,54.738000035E-3,1.6000000E-3,
,,,54.740000516E-3,1.6000000E-3,
,,,54.742000997E-3,1.6000000E-3,
,,,54.744001478E-3,1.6000000E-3,
,,,54.746001959E-3,1.6000000E-3,
,,,54.747998714E-3,1.6000000E-3,
,,,54.749999195E-3,1.6000000E-3,
,,,54.751999676E-3,1.6000000E-3,
,,,54.754000157E-3,1.6000000E-3,
,,,54.756000638E-3,1.6000000E-3,
,,,54.758001119E-3,2.3999999E-3,
,,,54.760001600E-3,2.3999999E-3,
,,,54.762002081E-3,2.3999999E-3,
,,,54.763998836E-3,1.6000000E-3,
,,,54.765999317E-3,1.6000000E-3,
,,,54.767999798E-3,1.6000000E-3,
,,,54.770000279E-3,1.6000000E-3,
,,,54.772000760E-3,1.6000000E-3,
,,,54.774001241E-3,1.6000000E-3,
,,,54.776001722E-3,1.6000000E-3,
,,,54.778002203E-3,1.6000000E-3,
,,,54.779998958E-3,1.6000000E-3,
,,,54.781999439E-3,1.6000000E-3,
,,,54.783999920E-3,1.6000000E-3,
,,,54.786000401E-3,1.6000000E-3,
,,,54.788000882E-3,1.6000000E-3,
,,,54.790001363E-3,1.6000000E-3,
,,,54.792001843E-3,1.6000000E-3,
,,,54.794002324E-3,1.6000000E-3,
,,,54.795999080E-3,1.6000000E-3,
,,,54.797999561E-3,1.6000000E-3,
,,,54.800000042E-3,2.3999999E-3,
,,,54.802000523E-3,2.3999999E-3,
,,,54.804001004E-3,2.3999999E-3,
,,,54.806001484E-3,1.6000000E-3,
,,,54.808001965E-3,1.6000000E-3,
,,,54.809998721E-3,1.6000000E-3,
,,,54.811999202E-3,1.6000000E-3,
,,,54.813999683E-3,1.6000000E-3,
,,,54.816000164E-3,1.6000000E-3,
,,,54.818000644E-3,1.6000000E-3,
,,,54.820001125E-3,1.6000000E-3,
,,,54.822001606E-3,1.6000000E-3,
,,,54.824002087E-3,1.6000000E-3,
,,,54.825998843E-3,1.6000000E-3,
,,,54.827999324E-3,1.6000000E-3,
,,,54.829999804E-3,1.6000000E-3,
,,,54.832000285E-3,1.6000000E-3,
,,,54.834000766E-3,1.6000000E-3,
,,,54.836001247E-3,1.6000000E-3,
,,,54.838001728E-3,2.3999999E-3,
,,,54.840002209E-3,2.3999999E-3,
,,,54.841998965E-3,1.6000000E-3,
,,,54.843999445E-3,1.6000000E-3,
,,,54.845999926E-3,1.6000000E-3,
,,,54.848000407E-3,1.6000000E-3,
,,,54.850000888E-3,1.6000000E-3,
,,,54.852001369E-3,1.6000000E-3,
,,,54.854001850E-3,1.6000000E-3,
,,,54.856002331E-3,1.6000000E-3,
,,,54.857999086E-3,1.6000000E-3,
,,,54.859999567E-3,1.6000000E-3,
,,,54.862000048E-3,1.6000000E-3,
,,,54.864000529E-3,1.6000000E-3,
,,,54.866001010E-3,1.6000000E-3,
,,,54.868001491E-3,1.6000000E-3,
,,,54.870001972E-3,1.6000000E-3,
,,,54.871998727E-3,1.6000000E-3,
,,,54.873999208E-3,1.6000000E-3,
,,,54.875999689E-3,1.6000000E-3,
,,,54.878000170E-3,2.3999999E-3,
,,,54.880000651E-3,2.3999999E-3,
,,,54.882001132E-3,2.3999999E-3,
,,,54.884001613E-3,2.3999999E-3,
,,,54.886002094E-3,1.6000000E-3,
,,,54.887998849E-3,1.6000000E-3,
,,,54.889999330E-3,1.6000000E-3,
,,,54.891999811E-3,1.6000000E-3,
,,,54.894000292E-3,1.6000000E-3,
,,,54.896000773E-3,1.6000000E-3,
,,,54.898001254E-3,1.6000000E-3,
,,,54.900001734E-3,1.6000000E-3,
,,,54.902002215E-3,1.6000000E-3,
,,,54.903998971E-3,1.6000000E-3,
,,,54.905999452E-3,1.6000000E-3,
,,,54.907999933E-3,1.6000000E-3,
,,,54.910000414E-3,1.6000000E-3,
,,,54.912000895E-3,1.6000000E-3,
,,,54.914001375E-3,1.6000000E-3,
,,,54.916001856E-3,1.6000000E-3,
,,,54.918002337E-3,2.3999999E-3,
,,,54.919999093E-3,1.6000000E-3,
,,,54.921999574E-3,2.3999999E-3,
,,,54.924000055E-3,1.6000000E-3,
,,,54.926000535E-3,1.6000000E-3,
,,,54.928001016E-3,1.6000000E-3,
,,,54.930001497E-3,1.6000000E-3,
,,,54.932001978E-3,1.6000000E-3,
,,,54.933998734E-3,1.6000000E-3,
,,,54.935999215E-3,1.6000000E-3,
,,,54.937999696E-3,1.6000000E-3,
,,,54.940000176E-3,1.6000000E-3,
,,,54.942000657E-3,1.6000000E-3,
,,,54.944001138E-3,1.6000000E-3,
,,,54.946001619E-3,1.6000000E-3,
,,,54.948002100E-3,1.6000000E-3,
,,,54.949998856E-3,1.6000000E-3,
,,,54.951999336E-3,1.6000000E-3,
,,,54.953999817E-3,1.6000000E-3,
,,,54.956000298E-3,1.6000000E-3,
,,,54.958000779E-3,1.6000000E-3,
,,,54.960001260E-3,2.3999999E-3,
,,,54.962001741E-3,2.3999999E-3,
,,,54.964002222E-3,2.3999999E-3,
,,,54.965998977E-3,2.3999999E-3,
,,,54.967999458E-3,1.6000000E-3,
,,,54.969999939E-3,1.6000000E-3,
,,,54.972000420E-3,1.6000000E-3,
,,,54.974000901E-3,1.6000000E-3,
,,,54.976001382E-3,1.6000000E-3,
,,,54.978001863E-3,1.6000000E-3,
,,,54.980002344E-3,1.6000000E-3,
,,,54.981999099E-3,1.6000000E-3,
,,,54.983999580E-3,1.6000000E-3,
,,,54.986000061E-3,1.6000000E-3,
,,,54.988000542E-3,1.6000000E-3,
,,,54.990001023E-3,1.6000000E-3,
,,,54.992001504E-3,1.6000000E-3,
,,,54.994001985E-3,1.6000000E-3,
,,,54.995998740E-3,1.6000000E-3,
,,,54.997999221E-3,2.3999999E-3,
,,,54.999999702E-3,2.3999999E-3,
,,,55.002000183E-3,2.3999999E-3,
,,,55.004000664E-3,2.3999999E-3,
,,,55.006001145E-3,2.3999999E-3,
,,,55.008001626E-3,2.3999999E-3,
,,,55.010002106E-3,2.3999999E-3,
,,,55.011998862E-3,2.3999999E-3,
,,,55.013999343E-3,1.6000000E-3,
,,,55.015999824E-3,1.6000000E-3,
,,,55.018000305E-3,1.6000000E-3,
,,,55.020000786E-3,1.6000000E-3,
,,,55.022001266E-3,1.6000000E-3,
,,,55.024001747E-3,1.6000000E-3,
,,,55.026002228E-3,1.6000000E-3,
,,,55.027998984E-3,1.6000000E-3,
,,,55.029999465E-3,1.6000000E-3,
,,,55.031999946E-3,1.6000000E-3,
,,,55.034000427E-3,1.6000000E-3,
,,,55.036000907E-3,1.6000000E-3,
,,,55.038001388E-3,2.3999999E-3,
,,,55.040001869E-3,2.3999999E-3,
,,,55.042002350E-3,2.3999999E-3,
,,,55.043999106E-3,2.3999999E-3,
,,,55.045999587E-3,2.3999999E-3,
,,,55.048000067E-3,2.3999999E-3,
,,,55.050000548E-3,2.3999999E-3,
,,,55.052001029E-3,1.6000000E-3,
,,,55.054001510E-3,2.3999999E-3,
,,,55.056001991E-3,2.3999999E-3,
,,,55.057998747E-3,1.6000000E-3,
,,,55.059999228E-3,1.6000000E-3,
,,,55.061999708E-3,1.6000000E-3,
,,,55.064000189E-3,1.6000000E-3,
,,,55.066000670E-3,1.6000000E-3,
,,,55.068001151E-3,1.6000000E-3,
,,,55.070001632E-3,1.6000000E-3,
,,,55.072002113E-3,1.6000000E-3,
,,,55.073998868E-3,1.6000000E-3,
,,,55.075999349E-3,1.6000000E-3,
,,,55.077999830E-3,1.6000000E-3,
,,,55.080000311E-3,1.6000000E-3,
,,,55.082000792E-3,2.3999999E-3,
,,,55.084001273E-3,2.3999999E-3,
,,,55.086001754E-3,2.3999999E-3,
,,,55.088002235E-3,2.3999999E-3,
,,,55.089998990E-3,2.3999999E-3,
,,,55.091999471E-3,2.3999999E-3,
,,,55.093999952E-3,2.3999999E-3,
,,,55.096000433E-3,2.3999999E-3,
,,,55.098000914E-3,2.3999999E-3,
,,,55.100001395E-3,2.3999999E-3,
,,,55.102001876E-3,1.6000000E-3,
,,,55.104002357E-3,1.6000000E-3,
,,,55.105999112E-3,1.6000000E-3,
,,,55.107999593E-3,1.6000000E-3,
,,,55.110000074E-3,1.6000000E-3,
,,,55.112000555E-3,1.6000000E-3,
,,,55.114001036E-3,1.6000000E-3,
,,,55.116001517E-3,1.6000000E-3,
,,,55.118001997E-3,1.6000000E-3,
,,,55.119998753E-3,2.3999999E-3,
,,,55.121999234E-3,1.6000000E-3,
,,,55.123999715E-3,1.6000000E-3,
,,,55.126000196E-3,2.3999999E-3,
,,,55.128000677E-3,2.3999999E-3,
,,,55.130001158E-3,2.3999999E-3,
,,,55.132001638E-3,2.3999999E-3,
,,,55.134002119E-3,2.3999999E-3,
,,,55.135998875E-3,2.3999999E-3,
,,,55.137999356E-3,2.3999999E-3,
,,,55.139999837E-3,2.3999999E-3,
,,,55.142000318E-3,2.3999999E-3,
,,,55.144000798E-3,2.3999999E-3,
,,,55.146001279E-3,1.6000000E-3,
,,,55.148001760E-3,1.6000000E-3,
,,,55.150002241E-3,1.6000000E-3,
,,,55.151998997E-3,1.6000000E-3,
,,,55.153999478E-3,1.6000000E-3,
,,,55.155999959E-3,1.6000000E-3,
,,,55.158000439E-3,1.6000000E-3,
,,,55.160000920E-3,1.6000000E-3,
,,,55.162001401E-3,1.6000000E-3,
,,,55.164001882E-3,1.6000000E-3,
,,,55.166002363E-3,2.3999999E-3,
,,,55.167999119E-3,2.3999999E-3,
,,,55.169999599E-3,2.3999999E-3,
,,,55.172000080E-3,2.3999999E-3,
,,,55.174000561E-3,2.3999999E-3,
,,,55.176001042E-3,2.3999999E-3,
,,,55.178001523E-3,2.3999999E-3,
,,,55.180002004E-3,2.3999999E-3,
,,,55.181998760E-3,2.3999999E-3,
,,,55.183999240E-3,2.3999999E-3,
,,,55.185999721E-3,2.3999999E-3,
,,,55.188000202E-3,1.6000000E-3,
,,,55.190000683E-3,1.6000000E-3,
,,,55.192001164E-3,1.6000000E-3,
,,,55.194001645E-3,1.6000000E-3,
,,,55.196002126E-3,1.6000000E-3,
,,,55.197998881E-3,1.6000000E-3,
,,,55.199999362E-3,1.6000000E-3,
,,,55.201999843E-3,1.6000000E-3,
,,,55.204000324E-3,1.6000000E-3,
,,,55.206000805E-3,2.3999999E-3,
,,,55.208001286E-3,2.3999999E-3,
,,,55.210001767E-3,2.3999999E-3,
,,,55.212002248E-3,2.3999999E-3,
,,,55.213999003E-3,2.3999999E-3,
,,,55.215999484E-3,2.3999999E-3,
,,,55.217999965E-3,2.3999999E-3,
,,,55.220000446E-3,2.3999999E-3,
,,,55.222000927E-3,2.3999999E-3,
,,,55.224001408E-3,2.3999999E-3,
,,,55.226001889E-3,1.6000000E-3,
,,,55.228002369E-3,1.6000000E-3,
,,,55.229999125E-3,1.6000000E-3,
,,,55.231999606E-3,1.6000000E-3,
,,,55.234000087E-3,1.6000000E-3,
,,,55.236000568E-3,1.6000000E-3,
,,,55.238001049E-3,1.6000000E-3,
,,,55.240001529E-3,1.6000000E-3,
,,,55.242002010E-3,1.6000000E-3,
,,,55.243998766E-3,1.6000000E-3,
,,,55.245999247E-3,2.3999999E-3,
,,,55.247999728E-3,2.3999999E-3,
,,,55.250000209E-3,2.3999999E-3,
,,,55.252000690E-3,2.3999999E-3,
,,,55.254001170E-3,2.3999999E-3,
,,,55.256001651E-3,2.3999999E-3,
,,,55.258002132E-3,2.3999999E-3,
,,,55.259998888E-3,2.3999999E-3,
,,,55.261999369E-3,2.3999999E-3,
,,,55.263999850E-3,2.3999999E-3,
,,,55.266000330E-3,2.3999999E-3,
,,,55.268000811E-3,1.6000000E-3,
,,,55.270001292E-3,1.6000000E-3,
,,,55.272001773E-3,1.6000000E-3,
,,,55.274002254E-3,1.6000000E-3,
,,,55.275999010E-3,1.6000000E-3,
,,,55.277999490E-3,1.6000000E-3,
,,,55.279999971E-3,1.6000000E-3,
,,,55.282000452E-3,1.6000000E-3,
,,,55.284000933E-3,1.6000000E-3,
,,,55.286001414E-3,2.3999999E-3,
,,,55.288001895E-3,1.6000000E-3,
,,,55.290002376E-3,2.3999999E-3,
,,,55.291999131E-3,2.3999999E-3,
,,,55.293999612E-3,2.3999999E-3,
,,,55.296000093E-3,2.3999999E-3,
,,,55.298000574E-3,2.3999999E-3,
,,,55.300001055E-3,2.3999999E-3,
,,,55.302001536E-3,2.3999999E-3,
,,,55.304002017E-3,2.3999999E-3,
,,,55.305998772E-3,2.3999999E-3,
,,,55.307999253E-3,1.6000000E-3,
,,,55.309999734E-3,2.3999999E-3,
,,,55.312000215E-3,1.6000000E-3,
,,,55.314000696E-3,1.6000000E-3,
,,,55.316001177E-3,1.6000000E-3,
,,,55.318001658E-3,1.6000000E-3,
,,,55.320002139E-3,1.6000000E-3,
,,,55.321998894E-3,1.6000000E-3,
,,,55.323999375E-3,1.6000000E-3,
,,,55.325999856E-3,2.3999999E-3,
,,,55.328000337E-3,2.3999999E-3,
,,,55.330000818E-3,2.3999999E-3,
,,,55.332001299E-3,2.3999999E-3,
,,,55.334001780E-3,2.3999999E-3,
,,,55.336002260E-3,2.3999999E-3,
,,,55.337999016E-3,2.3999999E-3,
