Record Length,2500,Points,50.17999932E-3,0.0,
Sample Interval,2.0000000E-6,s,50.18199980E-3,0.0,
Trigger Point,-25.09000092E3,Samples,50.18400028E-3,800.051202532E-6,
,,,50.18600076E-3,800.051202532E-6,
,,,50.18799752E-3,800.051202532E-6,
,,,50.18999800E-3,800.051202532E-6,
Source,MATH,,50.19199848E-3,0.0,
Vertical Units,Volts,,50.19399896E-3,0.0,
Vertical Scale,5.11985892E-3,,50.19599944E-3,0.0,
Vertical Offset,0,,50.19799992E-3,0.0,
Horizontal Units,s,,50.20000041E-3,0.0,
Horizontal Scale,499.999998738E-6,,50.20200089E-3,0.0,
Pt Fmt,Y,,50.20399764E-3,800.051202532E-6,
Yzero,39.06607661E-3,,50.20599812E-3,800.051202532E-6,
,,,50.20799860E-3,800.051202532E-6,
,,,50.20999908E-3,800.051202532E-6,
Note,TDS 1002B - 01:46:28 p.m.   11/06/2019,,50.21199957E-3,800.051202532E-6,
,,,50.21400005E-3,0.0,
,,,50.21600053E-3,0.0,
,,,50.21800101E-3,0.0,
,,,50.21999776E-3,0.0,
,,,50.22199824E-3,0.0,
,,,50.22399873E-3,0.0,
,,,50.22599921E-3,800.051202532E-6,
,,,50.22799969E-3,800.051202532E-6,
,,,50.23000017E-3,800.051202532E-6,
,,,50.23200065E-3,800.051202532E-6,
,,,50.23400113E-3,800.051202532E-6,
,,,50.23599789E-3,800.051202532E-6,
,,,50.23799837E-3,0.0,
,,,50.23999885E-3,0.0,
,,,50.24199933E-3,0.0,
,,,50.24399981E-3,0.0,
,,,50.24600029E-3,0.0,
,,,50.24800077E-3,0.0,
,,,50.24999753E-3,0.0,
,,,50.25199801E-3,800.051202532E-6,
,,,50.25399849E-3,800.051202532E-6,
,,,50.25599897E-3,800.051202532E-6,
,,,50.25799945E-3,800.051202532E-6,
,,,50.25999993E-3,800.051202532E-6,
,,,50.26200041E-3,0.0,
,,,50.26400089E-3,0.0,
,,,50.26599765E-3,0.0,
,,,50.26799813E-3,0.0,
,,,50.26999861E-3,0.0,
,,,50.27199909E-3,0.0,
,,,50.27399957E-3,800.051202532E-6,
,,,50.27600005E-3,800.051202532E-6,
,,,50.27800053E-3,800.051202532E-6,
,,,50.28000101E-3,800.051202532E-6,
,,,50.28199777E-3,800.051202532E-6,
,,,50.28399825E-3,0.0,
,,,50.28599873E-3,0.0,
,,,50.28799921E-3,0.0,
,,,50.28999969E-3,0.0,
,,,50.29200017E-3,0.0,
,,,50.29400066E-3,0.0,
,,,50.29600114E-3,800.051202532E-6,
,,,50.29799789E-3,800.051202532E-6,
,,,50.29999837E-3,800.051202532E-6,
,,,50.30199885E-3,800.051202532E-6,
,,,50.30399933E-3,800.051202532E-6,
,,,50.30599982E-3,800.051202532E-6,
,,,50.30800030E-3,0.0,
,,,50.31000078E-3,0.0,
,,,50.31199753E-3,0.0,
,,,50.31399801E-3,0.0,
,,,50.31599849E-3,0.0,
,,,50.31799898E-3,0.0,
,,,50.31999946E-3,800.051202532E-6,
,,,50.32199994E-3,800.051202532E-6,
,,,50.32400042E-3,800.051202532E-6,
,,,50.32600090E-3,800.051202532E-6,
,,,50.32799765E-3,800.051202532E-6,
,,,50.32999814E-3,800.051202532E-6,
,,,50.33199862E-3,0.0,
,,,50.33399910E-3,0.0,
,,,50.33599958E-3,0.0,
,,,50.33800006E-3,0.0,
,,,50.34000054E-3,0.0,
,,,50.34200102E-3,0.0,
,,,50.34399778E-3,800.051202532E-6,
,,,50.34599826E-3,800.051202532E-6,
,,,50.34799874E-3,800.051202532E-6,
,,,50.34999922E-3,800.051202532E-6,
,,,50.35199970E-3,800.051202532E-6,
,,,50.35400018E-3,800.051202532E-6,
,,,50.35600066E-3,0.0,
,,,50.35800114E-3,0.0,
,,,50.35999790E-3,0.0,
,,,50.36199838E-3,0.0,
,,,50.36399886E-3,0.0,
,,,50.36599934E-3,800.051202532E-6,
,,,50.36799982E-3,800.051202532E-6,
,,,50.37000030E-3,800.051202532E-6,
,,,50.37200078E-3,800.051202532E-6,
,,,50.37399754E-3,800.051202532E-6,
,,,50.37599802E-3,800.051202532E-6,
,,,50.37799850E-3,800.051202532E-6,
,,,50.37999898E-3,0.0,
,,,50.38199946E-3,0.0,
,,,50.38399994E-3,0.0,
,,,50.38600042E-3,0.0,
,,,50.38800091E-3,0.0,
,,,50.38999766E-3,800.051202532E-6,
,,,50.39199814E-3,800.051202532E-6,
,,,50.39399862E-3,800.051202532E-6,
,,,50.39599910E-3,800.051202532E-6,
,,,50.39799958E-3,800.051202532E-6,
,,,50.40000007E-3,800.051202532E-6,
,,,50.40200055E-3,800.051202532E-6,
,,,50.40400103E-3,0.0,
,,,50.40599778E-3,0.0,
,,,50.40799826E-3,0.0,
,,,50.40999874E-3,0.0,
,,,50.41199923E-3,800.051202532E-6,
,,,50.41399971E-3,800.051202532E-6,
,,,50.41600019E-3,800.051202532E-6,
,,,50.41800067E-3,800.051202532E-6,
,,,50.42000115E-3,800.051202532E-6,
,,,50.42199790E-3,800.051202532E-6,
,,,50.42399839E-3,800.051202532E-6,
,,,50.42599887E-3,800.051202532E-6,
,,,50.42799935E-3,0.0,
,,,50.42999983E-3,0.0,
,,,50.43200031E-3,0.0,
,,,50.43400079E-3,0.0,
,,,50.43599755E-3,800.051202532E-6,
,,,50.43799803E-3,800.051202532E-6,
,,,50.43999851E-3,800.051202532E-6,
,,,50.44199899E-3,800.051202532E-6,
,,,50.44399947E-3,800.051202532E-6,
,,,50.44599995E-3,800.051202532E-6,
,,,50.44800043E-3,800.051202532E-6,
,,,50.45000091E-3,800.051202532E-6,
,,,50.45199767E-3,0.0,
,,,50.45399815E-3,0.0,
,,,50.45599863E-3,0.0,
,,,50.45799911E-3,0.0,
,,,50.45999959E-3,800.051202532E-6,
,,,50.46200007E-3,800.051202532E-6,
,,,50.46400055E-3,800.051202532E-6,
,,,50.46600103E-3,800.051202532E-6,
,,,50.46799779E-3,800.051202532E-6,
,,,50.46999827E-3,800.051202532E-6,
,,,50.47199875E-3,800.051202532E-6,
,,,50.47399923E-3,800.051202532E-6,
,,,50.47599971E-3,800.051202532E-6,
,,,50.47800019E-3,0.0,
,,,50.48000067E-3,0.0,
,,,50.48200116E-3,0.0,
,,,50.48399791E-3,0.0,
,,,50.48599839E-3,800.051202532E-6,
,,,50.48799887E-3,800.051202532E-6,
,,,50.48999935E-3,800.051202532E-6,
,,,50.49199983E-3,800.051202532E-6,
,,,50.49400032E-3,800.051202532E-6,
,,,50.49600080E-3,800.051202532E-6,
,,,50.49799755E-3,800.051202532E-6,
,,,50.49999803E-3,800.051202532E-6,
,,,50.50199851E-3,800.051202532E-6,
,,,50.50399899E-3,0.0,
,,,50.50599948E-3,0.0,
,,,50.50799996E-3,800.051202532E-6,
,,,50.51000044E-3,800.051202532E-6,
,,,50.51200092E-3,800.051202532E-6,
,,,50.51399767E-3,800.051202532E-6,
,,,50.51599815E-3,800.051202532E-6,
,,,50.51799864E-3,800.051202532E-6,
,,,50.51999912E-3,800.051202532E-6,
,,,50.52199960E-3,800.051202532E-6,
,,,50.52400008E-3,800.051202532E-6,
,,,50.52600056E-3,800.051202532E-6,
,,,50.52800104E-3,0.0,
,,,50.52999780E-3,0.0,
,,,50.53199828E-3,800.051202532E-6,
,,,50.53399876E-3,800.051202532E-6,
,,,50.53599924E-3,800.051202532E-6,
,,,50.53799972E-3,800.051202532E-6,
,,,50.54000020E-3,800.051202532E-6,
,,,50.54200068E-3,800.051202532E-6,
,,,50.54400116E-3,800.051202532E-6,
,,,50.54599792E-3,800.051202532E-6,
,,,50.54799840E-3,800.051202532E-6,
,,,50.54999888E-3,800.051202532E-6,
,,,50.55199936E-3,800.051202532E-6,
,,,50.55399984E-3,800.051202532E-6,
,,,50.55600032E-3,800.051202532E-6,
,,,50.55800080E-3,800.051202532E-6,
,,,50.55999756E-3,800.051202532E-6,
,,,50.56199804E-3,800.051202532E-6,
,,,50.56399852E-3,800.051202532E-6,
,,,50.56599900E-3,800.051202532E-6,
,,,50.56799948E-3,800.051202532E-6,
,,,50.56999996E-3,800.051202532E-6,
,,,50.57200044E-3,800.051202532E-6,
,,,50.57400092E-3,0.0,
,,,50.57599768E-3,0.0,
,,,50.57799816E-3,800.051202532E-6,
,,,50.57999864E-3,800.051202532E-6,
,,,50.58199912E-3,800.051202532E-6,
,,,50.58399960E-3,800.051202532E-6,
,,,50.58600008E-3,800.051202532E-6,
,,,50.58800057E-3,800.051202532E-6,
,,,50.59000105E-3,800.051202532E-6,
,,,50.59199780E-3,800.051202532E-6,
,,,50.59399828E-3,800.051202532E-6,
,,,50.59599876E-3,0.0,
,,,50.59799924E-3,800.051202532E-6,
,,,50.59999973E-3,800.051202532E-6,
,,,50.60200021E-3,800.051202532E-6,
,,,50.60400069E-3,800.051202532E-6,
,,,50.60600117E-3,800.051202532E-6,
,,,50.60799792E-3,800.051202532E-6,
,,,50.60999840E-3,800.051202532E-6,
,,,50.61199889E-3,800.051202532E-6,
,,,50.61399937E-3,800.051202532E-6,
,,,50.61599985E-3,800.051202532E-6,
,,,50.61800033E-3,800.051202532E-6,
,,,50.62000081E-3,0.0,
,,,50.62199757E-3,0.0,
,,,50.62399805E-3,800.051202532E-6,
,,,50.62599853E-3,800.051202532E-6,
,,,50.62799901E-3,800.051202532E-6,
,,,50.62999949E-3,800.051202532E-6,
,,,50.63199997E-3,800.051202532E-6,
,,,50.63400045E-3,800.051202532E-6,
,,,50.63600093E-3,800.051202532E-6,
,,,50.63799769E-3,800.051202532E-6,
,,,50.63999817E-3,800.051202532E-6,
,,,50.64199865E-3,800.051202532E-6,
,,,50.64399913E-3,0.0,
,,,50.64599961E-3,800.051202532E-6,
,,,50.64800009E-3,800.051202532E-6,
,,,50.65000057E-3,800.051202532E-6,
,,,50.65200105E-3,800.051202532E-6,
,,,50.65399781E-3,800.051202532E-6,
,,,50.65599829E-3,800.051202532E-6,
,,,50.65799877E-3,800.051202532E-6,
,,,50.65999925E-3,800.051202532E-6,
,,,50.66199973E-3,800.051202532E-6,
,,,50.66400021E-3,800.051202532E-6,
,,,50.66600069E-3,800.051202532E-6,
,,,50.66800117E-3,0.0,
,,,50.66999793E-3,0.0,
,,,50.67199841E-3,800.051202532E-6,
,,,50.67399889E-3,800.051202532E-6,
,,,50.67599937E-3,800.051202532E-6,
,,,50.67799985E-3,800.051202532E-6,
,,,50.68000033E-3,800.051202532E-6,
,,,50.68200082E-3,800.051202532E-6,
,,,50.68399757E-3,800.051202532E-6,
,,,50.68599805E-3,800.051202532E-6,
,,,50.68799853E-3,800.051202532E-6,
,,,50.68999901E-3,0.0,
,,,50.69199950E-3,0.0,
,,,50.69399998E-3,800.051202532E-6,
,,,50.69600046E-3,800.051202532E-6,
,,,50.69800094E-3,800.051202532E-6,
,,,50.69999769E-3,800.051202532E-6,
,,,50.70199817E-3,800.051202532E-6,
,,,50.70399866E-3,800.051202532E-6,
,,,50.70599914E-3,800.051202532E-6,
,,,50.70799962E-3,800.051202532E-6,
,,,50.71000010E-3,800.051202532E-6,
,,,50.71200058E-3,0.0,
,,,50.71400106E-3,0.0,
,,,50.71599782E-3,800.051202532E-6,
,,,50.71799830E-3,800.051202532E-6,
,,,50.71999878E-3,800.051202532E-6,
,,,50.72199926E-3,800.051202532E-6,
,,,50.72399974E-3,800.051202532E-6,
,,,50.72600022E-3,800.051202532E-6,
,,,50.72800070E-3,800.051202532E-6,
,,,50.73000118E-3,800.051202532E-6,
,,,50.73199794E-3,800.051202532E-6,
,,,50.73399842E-3,800.051202532E-6,
,,,50.73599890E-3,0.0,
,,,50.73799938E-3,800.051202532E-6,
,,,50.73999986E-3,800.051202532E-6,
,,,50.74200034E-3,800.051202532E-6,
,,,50.74400082E-3,800.051202532E-6,
,,,50.74599758E-3,800.051202532E-6,
,,,50.74799806E-3,800.051202532E-6,
,,,50.74999854E-3,800.051202532E-6,
,,,50.75199902E-3,800.051202532E-6,
,,,50.75399950E-3,800.051202532E-6,
,,,50.75599998E-3,800.051202532E-6,
,,,50.75800046E-3,0.0,
,,,50.76000094E-3,800.051202532E-6,
,,,50.76199770E-3,800.051202532E-6,
,,,50.76399818E-3,800.051202532E-6,
,,,50.76599866E-3,800.051202532E-6,
,,,50.76799914E-3,800.051202532E-6,
,,,50.76999962E-3,800.051202532E-6,
,,,50.77200010E-3,800.051202532E-6,
,,,50.77400059E-3,800.051202532E-6,
,,,50.77600107E-3,800.051202532E-6,
,,,50.77799782E-3,800.051202532E-6,
,,,50.77999830E-3,800.051202532E-6,
,,,50.78199878E-3,800.051202532E-6,
,,,50.78399926E-3,800.051202532E-6,
,,,50.78599975E-3,800.051202532E-6,
,,,50.78800023E-3,800.051202532E-6,
,,,50.79000071E-3,800.051202532E-6,
,,,50.79199746E-3,800.051202532E-6,
,,,50.79399794E-3,800.051202532E-6,
,,,50.79599842E-3,800.051202532E-6,
,,,50.79799891E-3,800.051202532E-6,
,,,50.79999939E-3,800.051202532E-6,
,,,50.80199987E-3,800.051202532E-6,
,,,50.80400035E-3,800.051202532E-6,
,,,50.80600083E-3,800.051202532E-6,
,,,50.80799758E-3,1.6001024E-3,
,,,50.80999807E-3,800.051202532E-6,
,,,50.81199855E-3,800.051202532E-6,
,,,50.81399903E-3,800.051202532E-6,
,,,50.81599951E-3,800.051202532E-6,
,,,50.81799999E-3,800.051202532E-6,
,,,50.82000047E-3,800.051202532E-6,
,,,50.82200095E-3,800.051202532E-6,
,,,50.82399771E-3,800.051202532E-6,
,,,50.82599819E-3,800.051202532E-6,
,,,50.82799867E-3,800.051202532E-6,
,,,50.82999915E-3,800.051202532E-6,
,,,50.83199963E-3,0.0,
,,,50.83400011E-3,800.051202532E-6,
,,,50.83600059E-3,800.051202532E-6,
,,,50.83800107E-3,800.051202532E-6,
,,,50.83999783E-3,800.051202532E-6,
,,,50.84199831E-3,800.051202532E-6,
,,,50.84399879E-3,800.051202532E-6,
,,,50.84599927E-3,800.051202532E-6,
,,,50.84799975E-3,800.051202532E-6,
,,,50.85000023E-3,800.051202532E-6,
,,,50.85200071E-3,800.051202532E-6,
,,,50.85399747E-3,800.051202532E-6,
,,,50.85599795E-3,0.0,
,,,50.85799843E-3,800.051202532E-6,
,,,50.85999891E-3,800.051202532E-6,
,,,50.86199939E-3,800.051202532E-6,
,,,50.86399987E-3,800.051202532E-6,
,,,50.86600035E-3,800.051202532E-6,
,,,50.86800084E-3,800.051202532E-6,
,,,50.86999759E-3,800.051202532E-6,
,,,50.87199807E-3,800.051202532E-6,
,,,50.87399855E-3,800.051202532E-6,
,,,50.87599903E-3,800.051202532E-6,
,,,50.87799951E-3,800.051202532E-6,
,,,50.88000000E-3,800.051202532E-6,
,,,50.88200048E-3,800.051202532E-6,
,,,50.88400096E-3,800.051202532E-6,
,,,50.88599771E-3,800.051202532E-6,
,,,50.88799819E-3,800.051202532E-6,
,,,50.88999867E-3,800.051202532E-6,
,,,50.89199916E-3,800.051202532E-6,
,,,50.89399964E-3,800.051202532E-6,
,,,50.89600012E-3,800.051202532E-6,
,,,50.89800060E-3,800.051202532E-6,
,,,50.90000108E-3,800.051202532E-6,
,,,50.90199783E-3,800.051202532E-6,
,,,50.90399832E-3,800.051202532E-6,
,,,50.90599880E-3,1.6001024E-3,
,,,50.90799928E-3,800.051202532E-6,
,,,50.90999976E-3,800.051202532E-6,
,,,50.91200024E-3,800.051202532E-6,
,,,50.91400072E-3,800.051202532E-6,
,,,50.91599748E-3,800.051202532E-6,
,,,50.91799796E-3,800.051202532E-6,
,,,50.91999844E-3,800.051202532E-6,
,,,50.92199892E-3,800.051202532E-6,
,,,50.92399940E-3,800.051202532E-6,
,,,50.92599988E-3,800.051202532E-6,
,,,50.92800036E-3,800.051202532E-6,
,,,50.93000084E-3,800.051202532E-6,
,,,50.93199760E-3,1.6001024E-3,
,,,50.93399808E-3,800.051202532E-6,
,,,50.93599856E-3,800.051202532E-6,
,,,50.93799904E-3,800.051202532E-6,
,,,50.93999952E-3,800.051202532E-6,
,,,50.94200000E-3,800.051202532E-6,
,,,50.94400048E-3,800.051202532E-6,
,,,50.94600096E-3,800.051202532E-6,
,,,50.94799772E-3,800.051202532E-6,
,,,50.94999820E-3,800.051202532E-6,
,,,50.95199868E-3,800.051202532E-6,
,,,50.95399916E-3,800.051202532E-6,
,,,50.95599964E-3,1.6001024E-3,
,,,50.95800012E-3,800.051202532E-6,
,,,50.96000060E-3,800.051202532E-6,
,,,50.96200109E-3,800.051202532E-6,
,,,50.96399784E-3,800.051202532E-6,
,,,50.96599832E-3,800.051202532E-6,
,,,50.96799880E-3,800.051202532E-6,
,,,50.96999928E-3,800.051202532E-6,
,,,50.97199976E-3,800.051202532E-6,
,,,50.97400025E-3,800.051202532E-6,
,,,50.97600073E-3,800.051202532E-6,
,,,50.97799748E-3,800.051202532E-6,
,,,50.97999796E-3,1.6001024E-3,
,,,50.98199844E-3,1.6001024E-3,
,,,50.98399892E-3,800.051202532E-6,
,,,50.98599941E-3,800.051202532E-6,
,,,50.98799989E-3,800.051202532E-6,
,,,50.99000037E-3,800.051202532E-6,
,,,50.99200085E-3,800.051202532E-6,
,,,50.99399760E-3,800.051202532E-6,
,,,50.99599808E-3,800.051202532E-6,
,,,50.99799857E-3,800.051202532E-6,
,,,50.99999905E-3,800.051202532E-6,
,,,51.00199953E-3,800.051202532E-6,
,,,51.00400001E-3,800.051202532E-6,
,,,51.00600049E-3,1.6001024E-3,
,,,51.00800097E-3,1.6001024E-3,
,,,51.00999773E-3,800.051202532E-6,
,,,51.01199821E-3,800.051202532E-6,
,,,51.01399869E-3,800.051202532E-6,
,,,51.01599917E-3,800.051202532E-6,
,,,51.01799965E-3,800.051202532E-6,
,,,51.02000013E-3,800.051202532E-6,
,,,51.02200061E-3,800.051202532E-6,
,,,51.02400109E-3,800.051202532E-6,
,,,51.02599785E-3,800.051202532E-6,
,,,51.02799833E-3,800.051202532E-6,
,,,51.02999881E-3,800.051202532E-6,
,,,51.03199929E-3,1.6001024E-3,
,,,51.03399977E-3,800.051202532E-6,
,,,51.03600025E-3,1.6001024E-3,
,,,51.03800073E-3,800.051202532E-6,
,,,51.03999749E-3,800.051202532E-6,
,,,51.04199797E-3,800.051202532E-6,
,,,51.04399845E-3,800.051202532E-6,
,,,51.04599893E-3,800.051202532E-6,
,,,51.04799941E-3,800.051202532E-6,
,,,51.04999989E-3,800.051202532E-6,
,,,51.05200037E-3,800.051202532E-6,
,,,51.05400085E-3,800.051202532E-6,
,,,51.05599761E-3,800.051202532E-6,
,,,51.05799809E-3,800.051202532E-6,
,,,51.05999857E-3,1.6001024E-3,
,,,51.06199905E-3,800.051202532E-6,
,,,51.06399953E-3,800.051202532E-6,
,,,51.06600001E-3,800.051202532E-6,
,,,51.06800050E-3,800.051202532E-6,
,,,51.07000098E-3,800.051202532E-6,
,,,51.07199773E-3,800.051202532E-6,
,,,51.07399821E-3,800.051202532E-6,
,,,51.07599869E-3,800.051202532E-6,
,,,51.07799917E-3,800.051202532E-6,
,,,51.07999966E-3,800.051202532E-6,
,,,51.08200014E-3,800.051202532E-6,
,,,51.08400062E-3,800.051202532E-6,
,,,51.08600110E-3,1.6001024E-3,
,,,51.08799785E-3,1.6001024E-3,
,,,51.08999833E-3,1.6001024E-3,
,,,51.09199882E-3,800.051202532E-6,
,,,51.09399930E-3,1.6001024E-3,
,,,51.09599978E-3,800.051202532E-6,
,,,51.09800026E-3,800.051202532E-6,
,,,51.10000074E-3,800.051202532E-6,
,,,51.10199749E-3,800.051202532E-6,
,,,51.10399798E-3,800.051202532E-6,
,,,51.10599846E-3,800.051202532E-6,
,,,51.10799894E-3,800.051202532E-6,
,,,51.10999942E-3,800.051202532E-6,
,,,51.11199990E-3,1.6001024E-3,
,,,51.11400038E-3,1.6001024E-3,
,,,51.11600086E-3,1.6001024E-3,
,,,51.11799762E-3,1.6001024E-3,
,,,51.11999810E-3,1.6001024E-3,
,,,51.12199858E-3,1.6001024E-3,
,,,51.12399906E-3,1.6001024E-3,
,,,51.12599954E-3,1.6001024E-3,
,,,51.12800002E-3,1.6001024E-3,
,,,51.13000050E-3,1.6001024E-3,
,,,51.13200098E-3,1.6001024E-3,
,,,51.13399774E-3,800.051202532E-6,
,,,51.13599822E-3,800.051202532E-6,
,,,51.13799870E-3,800.051202532E-6,
,,,51.13999918E-3,800.051202532E-6,
,,,51.14199966E-3,800.051202532E-6,
,,,51.14400014E-3,800.051202532E-6,
,,,51.14600062E-3,800.051202532E-6,
,,,51.14800110E-3,800.051202532E-6,
,,,51.14999786E-3,800.051202532E-6,
,,,51.15199834E-3,1.6001024E-3,
,,,51.15399882E-3,1.6001024E-3,
,,,51.15599930E-3,1.6001024E-3,
,,,51.15799978E-3,1.6001024E-3,
,,,51.16000026E-3,1.6001024E-3,
,,,51.16200075E-3,1.6001024E-3,
,,,51.16399750E-3,1.6001024E-3,
,,,51.16599798E-3,1.6001024E-3,
,,,51.16799846E-3,1.6001024E-3,
,,,51.16999894E-3,1.6001024E-3,
,,,51.17199942E-3,1.6001024E-3,
,,,51.17399991E-3,1.6001024E-3,
,,,51.17600039E-3,1.6001024E-3,
,,,51.17800087E-3,1.6001024E-3,
,,,51.17999762E-3,1.6001024E-3,
,,,51.18199810E-3,1.6001024E-3,
,,,51.18399858E-3,1.6001024E-3,
,,,51.18599907E-3,1.6001024E-3,
,,,51.18799955E-3,1.6001024E-3,
,,,51.19000003E-3,1.6001024E-3,
,,,51.19200051E-3,1.6001024E-3,
,,,51.19400099E-3,1.6001024E-3,
,,,51.19599774E-3,1.6001024E-3,
,,,51.19799823E-3,1.6001024E-3,
,,,51.19999871E-3,1.6001024E-3,
,,,51.20199919E-3,1.6001024E-3,
,,,51.20399967E-3,1.6001024E-3,
,,,51.20600015E-3,1.6001024E-3,
,,,51.20800063E-3,1.6001024E-3,
,,,51.21000111E-3,1.6001024E-3,
,,,51.21199787E-3,1.6001024E-3,
,,,51.21399835E-3,1.6001024E-3,
,,,51.21599883E-3,2.4001535E-3,
,,,51.21799931E-3,2.4001535E-3,
,,,51.21999979E-3,1.6001024E-3,
,,,51.22200027E-3,1.6001024E-3,
,,,51.22400075E-3,3.20020481E-3,
,,,51.22599751E-3,3.20020481E-3,
,,,51.22799799E-3,2.4001535E-3,
,,,51.22999847E-3,3.20020481E-3,
,,,51.23199895E-3,3.20020481E-3,
,,,51.23399943E-3,3.20020481E-3,
,,,51.23599991E-3,3.20020481E-3,
,,,51.23800039E-3,3.20020481E-3,
,,,51.24000087E-3,3.20020481E-3,
,,,51.24199763E-3,2.4001535E-3,
,,,51.24399811E-3,2.4001535E-3,
,,,51.24599859E-3,2.4001535E-3,
,,,51.24799907E-3,2.4001535E-3,
,,,51.24999955E-3,2.4001535E-3,
,,,51.25200003E-3,2.4001535E-3,
,,,51.25400051E-3,3.20020481E-3,
,,,51.25600100E-3,3.20020481E-3,
,,,51.25799775E-3,3.20020481E-3,
,,,51.25999823E-3,3.20020481E-3,
,,,51.26199871E-3,3.20020481E-3,
,,,51.26399919E-3,3.20020481E-3,
,,,51.26599967E-3,3.20020481E-3,
,,,51.26800016E-3,3.20020481E-3,
,,,51.27000064E-3,3.20020481E-3,
,,,51.27200112E-3,4.00025584E-3,
,,,51.27399787E-3,3.20020481E-3,
,,,51.27599835E-3,4.00025584E-3,
,,,51.27799883E-3,3.20020481E-3,
,,,51.27999932E-3,4.00025584E-3,
,,,51.28199980E-3,4.00025584E-3,
,,,51.28400028E-3,4.00025584E-3,
,,,51.28600076E-3,4.00025584E-3,
,,,51.28799751E-3,4.00025584E-3,
,,,51.28999799E-3,4.00025584E-3,
,,,51.29199848E-3,4.00025584E-3,
,,,51.29399896E-3,4.00025584E-3,
,,,51.29599944E-3,4.00025584E-3,
,,,51.29799992E-3,4.00025584E-3,
,,,51.30000040E-3,4.00025584E-3,
,,,51.30200088E-3,4.80030710E-3,
,,,51.30399764E-3,4.80030710E-3,
,,,51.30599812E-3,4.00025584E-3,
,,,51.30799860E-3,4.80030710E-3,
,,,51.30999908E-3,4.00025584E-3,
,,,51.31199956E-3,4.00025584E-3,
,,,51.31400004E-3,4.00025584E-3,
,,,51.31600052E-3,4.00025584E-3,
,,,51.31800100E-3,4.00025584E-3,
,,,51.31999776E-3,4.00025584E-3,
,,,51.32199824E-3,4.00025584E-3,
,,,51.32399872E-3,4.00025584E-3,
,,,51.32599920E-3,4.00025584E-3,
,,,51.32799968E-3,4.00025584E-3,
,,,51.33000016E-3,4.00025584E-3,
,,,51.33200064E-3,4.00025584E-3,
,,,51.33400112E-3,4.00025584E-3,
,,,51.33599788E-3,4.00025584E-3,
,,,51.33799836E-3,4.80030710E-3,
,,,51.33999884E-3,4.80030710E-3,
,,,51.34199932E-3,4.80030710E-3,
,,,51.34399980E-3,4.80030710E-3,
,,,51.34600028E-3,4.00025584E-3,
,,,51.34800076E-3,4.80030710E-3,
,,,51.34999752E-3,4.80030710E-3,
,,,51.35199800E-3,4.00025584E-3,
,,,51.35399848E-3,4.80030710E-3,
,,,51.35599896E-3,4.00025584E-3,
,,,51.35799944E-3,4.00025584E-3,
,,,51.35999992E-3,4.00025584E-3,
,,,51.36200041E-3,4.00025584E-3,
,,,51.36400089E-3,4.00025584E-3,
,,,51.36599764E-3,4.00025584E-3,
,,,51.36799812E-3,3.20020481E-3,
,,,51.36999860E-3,3.20020481E-3,
,,,51.37199908E-3,3.20020481E-3,
,,,51.37399957E-3,4.00025584E-3,
,,,51.37600005E-3,3.20020481E-3,
,,,51.37800053E-3,3.20020481E-3,
,,,51.38000101E-3,4.00025584E-3,
,,,51.38199776E-3,3.20020481E-3,
,,,51.38399825E-3,3.20020481E-3,
,,,51.38599873E-3,3.20020481E-3,
,,,51.38799921E-3,3.20020481E-3,
,,,51.38999969E-3,3.20020481E-3,
,,,51.39200017E-3,3.20020481E-3,
,,,51.39400065E-3,3.20020481E-3,
,,,51.39600113E-3,3.20020481E-3,
,,,51.39799789E-3,3.20020481E-3,
,,,51.39999837E-3,2.4001535E-3,
,,,51.40199885E-3,2.4001535E-3,
,,,51.40399933E-3,2.4001535E-3,
,,,51.40599981E-3,2.4001535E-3,
,,,51.40800029E-3,2.4001535E-3,
,,,51.41000077E-3,2.4001535E-3,
,,,51.41199753E-3,2.4001535E-3,
,,,51.41399801E-3,3.20020481E-3,
,,,51.41599849E-3,2.4001535E-3,
,,,51.41799897E-3,2.4001535E-3,
,,,51.41999945E-3,2.4001535E-3,
,,,51.42199993E-3,2.4001535E-3,
,,,51.42400041E-3,2.4001535E-3,
,,,51.42600089E-3,2.4001535E-3,
,,,51.42799765E-3,1.6001024E-3,
,,,51.42999813E-3,1.6001024E-3,
,,,51.43199861E-3,1.6001024E-3,
,,,51.43399909E-3,1.6001024E-3,
,,,51.43599957E-3,1.6001024E-3,
,,,51.43800005E-3,1.6001024E-3,
,,,51.44000053E-3,800.051202532E-6,
,,,51.44200101E-3,1.6001024E-3,
,,,51.44399777E-3,1.6001024E-3,
,,,51.44599825E-3,1.6001024E-3,
,,,51.44799873E-3,1.6001024E-3,
,,,51.44999921E-3,800.051202532E-6,
,,,51.45199969E-3,800.051202532E-6,
,,,51.45400017E-3,800.051202532E-6,
,,,51.45600066E-3,800.051202532E-6,
,,,51.45800114E-3,800.051202532E-6,
,,,51.45999789E-3,800.051202532E-6,
,,,51.46199837E-3,800.051202532E-6,
,,,51.46399885E-3,800.051202532E-6,
,,,51.46599934E-3,800.051202532E-6,
,,,51.46799982E-3,800.051202532E-6,
,,,51.47000030E-3,0.0,
,,,51.47200078E-3,0.0,
,,,51.47399753E-3,800.051202532E-6,
,,,51.47599801E-3,800.051202532E-6,
,,,51.47799850E-3,800.051202532E-6,
,,,51.47999898E-3,0.0,
,,,51.48199946E-3,0.0,
,,,51.48399994E-3,0.0,
,,,51.48600042E-3,0.0,
,,,51.48800090E-3,0.0,
,,,51.48999766E-3,0.0,
,,,51.49199814E-3,0.0,
,,,51.49399862E-3,0.0,
,,,51.49599910E-3,0.0,
,,,51.49799958E-3,-800.051202532E-6,
,,,51.50000006E-3,-800.051202532E-6,
,,,51.50200054E-3,0.0,
,,,51.50400102E-3,0.0,
,,,51.50599778E-3,0.0,
,,,51.50799826E-3,0.0,
,,,51.50999874E-3,-800.051202532E-6,
,,,51.51199922E-3,-800.051202532E-6,
,,,51.51399970E-3,0.0,
,,,51.51600018E-3,0.0,
,,,51.51800066E-3,0.0,
,,,51.52000114E-3,-800.051202532E-6,
,,,51.52199790E-3,-800.051202532E-6,
,,,51.52399838E-3,-800.051202532E-6,
,,,51.52599886E-3,-800.051202532E-6,
,,,51.52799934E-3,-800.051202532E-6,
,,,51.52999982E-3,-800.051202532E-6,
,,,51.53200030E-3,-800.051202532E-6,
,,,51.53400078E-3,-800.051202532E-6,
,,,51.53599754E-3,-800.051202532E-6,
,,,51.53799802E-3,-800.051202532E-6,
,,,51.53999850E-3,-800.051202532E-6,
,,,51.54199898E-3,-800.051202532E-6,
,,,51.54399946E-3,-800.051202532E-6,
,,,51.54599994E-3,-800.051202532E-6,
,,,51.54800043E-3,-800.051202532E-6,
,,,51.55000091E-3,-800.051202532E-6,
,,,51.55199766E-3,-800.051202532E-6,
,,,51.55399814E-3,-800.051202532E-6,
,,,51.55599862E-3,-800.051202532E-6,
,,,51.55799910E-3,-800.051202532E-6,
,,,51.55999959E-3,-800.051202532E-6,
,,,51.56200007E-3,-800.051202532E-6,
,,,51.56400055E-3,-800.051202532E-6,
,,,51.56600103E-3,-800.051202532E-6,
,,,51.56799778E-3,-800.051202532E-6,
,,,51.56999826E-3,-800.051202532E-6,
,,,51.57199875E-3,-800.051202532E-6,
,,,51.57399923E-3,-800.051202532E-6,
,,,51.57599971E-3,-800.051202532E-6,
,,,51.57800019E-3,-800.051202532E-6,
,,,51.58000067E-3,-800.051202532E-6,
,,,51.58200115E-3,-800.051202532E-6,
,,,51.58399791E-3,-800.051202532E-6,
,,,51.58599839E-3,-800.051202532E-6,
,,,51.58799887E-3,0.0,
,,,51.58999935E-3,0.0,
,,,51.59199983E-3,0.0,
,,,51.59400031E-3,-800.051202532E-6,
,,,51.59600079E-3,-800.051202532E-6,
,,,51.59799755E-3,-800.051202532E-6,
,,,51.59999803E-3,-800.051202532E-6,
,,,51.60199851E-3,0.0,
,,,51.60399899E-3,0.0,
,,,51.60599947E-3,0.0,
,,,51.60799995E-3,-800.051202532E-6,
,,,51.61000043E-3,-800.051202532E-6,
,,,51.61200091E-3,-800.051202532E-6,
,,,51.61399767E-3,0.0,
,,,51.61599815E-3,0.0,
,,,51.61799863E-3,0.0,
,,,51.61999911E-3,0.0,
,,,51.62199959E-3,0.0,
,,,51.62400007E-3,0.0,
,,,51.62600055E-3,-800.051202532E-6,
,,,51.62800103E-3,0.0,
,,,51.62999779E-3,0.0,
,,,51.63199827E-3,0.0,
,,,51.63399875E-3,0.0,
,,,51.63599923E-3,0.0,
,,,51.63799971E-3,0.0,
,,,51.64000019E-3,0.0,
,,,51.64200068E-3,0.0,
,,,51.64400116E-3,0.0,
,,,51.64599791E-3,0.0,
,,,51.64799839E-3,0.0,
,,,51.64999887E-3,0.0,
,,,51.65199935E-3,0.0,
,,,51.65399984E-3,0.0,
,,,51.65600032E-3,800.051202532E-6,
,,,51.65800080E-3,800.051202532E-6,
,,,51.65999755E-3,0.0,
,,,51.66199803E-3,0.0,
,,,51.66399851E-3,0.0,
,,,51.66599900E-3,800.051202532E-6,
,,,51.66799948E-3,800.051202532E-6,
,,,51.66999996E-3,800.051202532E-6,
,,,51.67200044E-3,800.051202532E-6,
,,,51.67400092E-3,800.051202532E-6,
,,,51.67599767E-3,0.0,
,,,51.67799816E-3,0.0,
,,,51.67999864E-3,0.0,
,,,51.68199912E-3,800.051202532E-6,
,,,51.68399960E-3,800.051202532E-6,
,,,51.68600008E-3,800.051202532E-6,
,,,51.68800056E-3,800.051202532E-6,
,,,51.69000104E-3,800.051202532E-6,
,,,51.69199780E-3,800.051202532E-6,
,,,51.69399828E-3,800.051202532E-6,
,,,51.69599876E-3,800.051202532E-6,
,,,51.69799924E-3,800.051202532E-6,
,,,51.69999972E-3,800.051202532E-6,
,,,51.70200020E-3,800.051202532E-6,
,,,51.70400068E-3,800.051202532E-6,
,,,51.70600116E-3,800.051202532E-6,
,,,51.70799792E-3,800.051202532E-6,
,,,51.70999840E-3,800.051202532E-6,
,,,51.71199888E-3,800.051202532E-6,
,,,51.71399936E-3,800.051202532E-6,
,,,51.71599984E-3,800.051202532E-6,
,,,51.71800032E-3,800.051202532E-6,
,,,51.72000080E-3,800.051202532E-6,
,,,51.72199756E-3,1.6001024E-3,
,,,51.72399804E-3,800.051202532E-6,
,,,51.72599852E-3,800.051202532E-6,
,,,51.72799900E-3,800.051202532E-6,
,,,51.72999948E-3,800.051202532E-6,
,,,51.73199996E-3,800.051202532E-6,
,,,51.73400044E-3,1.6001024E-3,
,,,51.73600093E-3,1.6001024E-3,
,,,51.73799768E-3,1.6001024E-3,
,,,51.73999816E-3,1.6001024E-3,
,,,51.74199864E-3,1.6001024E-3,
,,,51.74399912E-3,800.051202532E-6,
,,,51.74599960E-3,800.051202532E-6,
,,,51.74800009E-3,800.051202532E-6,
,,,51.75000057E-3,800.051202532E-6,
,,,51.75200105E-3,800.051202532E-6,
,,,51.75399780E-3,1.6001024E-3,
,,,51.75599828E-3,1.6001024E-3,
,,,51.75799876E-3,800.051202532E-6,
,,,51.75999925E-3,800.051202532E-6,
,,,51.76199973E-3,800.051202532E-6,
,,,51.76400021E-3,800.051202532E-6,
,,,51.76600069E-3,800.051202532E-6,
,,,51.76800117E-3,1.6001024E-3,
,,,51.76999792E-3,1.6001024E-3,
,,,51.77199841E-3,1.6001024E-3,
,,,51.77399889E-3,800.051202532E-6,
,,,51.77599937E-3,800.051202532E-6,
,,,51.77799985E-3,1.6001024E-3,
,,,51.78000033E-3,800.051202532E-6,
,,,51.78200081E-3,1.6001024E-3,
,,,51.78399757E-3,1.6001024E-3,
,,,51.78599805E-3,1.6001024E-3,
,,,51.78799853E-3,1.6001024E-3,
,,,51.78999901E-3,1.6001024E-3,
,,,51.79199949E-3,1.6001024E-3,
,,,51.79399997E-3,1.6001024E-3,
,,,51.79600045E-3,1.6001024E-3,
,,,51.79800093E-3,800.051202532E-6,
,,,51.79999769E-3,800.051202532E-6,
,,,51.80199817E-3,800.051202532E-6,
,,,51.80399865E-3,1.6001024E-3,
,,,51.80599913E-3,800.051202532E-6,
,,,51.80799961E-3,800.051202532E-6,
,,,51.81000009E-3,1.6001024E-3,
,,,51.81200057E-3,1.6001024E-3,
,,,51.81400105E-3,1.6001024E-3,
,,,51.81599781E-3,800.051202532E-6,
,,,51.81799829E-3,800.051202532E-6,
,,,51.81999877E-3,1.6001024E-3,
,,,51.82199925E-3,800.051202532E-6,
,,,51.82399973E-3,800.051202532E-6,
,,,51.82600021E-3,1.6001024E-3,
,,,51.82800069E-3,800.051202532E-6,
,,,51.83000118E-3,1.6001024E-3,
,,,51.83199793E-3,1.6001024E-3,
,,,51.83399841E-3,1.6001024E-3,
,,,51.83599889E-3,1.6001024E-3,
,,,51.83799937E-3,1.6001024E-3,
,,,51.83999985E-3,1.6001024E-3,
,,,51.84200034E-3,1.6001024E-3,
,,,51.84400082E-3,1.6001024E-3,
,,,51.84599757E-3,800.051202532E-6,
,,,51.84799805E-3,1.6001024E-3,
,,,51.84999853E-3,1.6001024E-3,
,,,51.85199901E-3,1.6001024E-3,
,,,51.85399950E-3,1.6001024E-3,
,,,51.85599998E-3,1.6001024E-3,
,,,51.85800046E-3,1.6001024E-3,
,,,51.86000094E-3,2.4001535E-3,
,,,51.86199769E-3,2.4001535E-3,
,,,51.86399817E-3,1.6001024E-3,
,,,51.86599866E-3,1.6001024E-3,
,,,51.86799914E-3,2.4001535E-3,
,,,51.86999962E-3,1.6001024E-3,
,,,51.87200010E-3,1.6001024E-3,
,,,51.87400058E-3,2.4001535E-3,
,,,51.87600106E-3,2.4001535E-3,
,,,51.87799782E-3,1.6001024E-3,
,,,51.87999830E-3,1.6001024E-3,
,,,51.88199878E-3,2.4001535E-3,
,,,51.88399926E-3,1.6001024E-3,
,,,51.88599974E-3,1.6001024E-3,
,,,51.88800022E-3,2.4001535E-3,
,,,51.89000070E-3,2.4001535E-3,
,,,51.89199746E-3,2.4001535E-3,
,,,51.89399794E-3,1.6001024E-3,
,,,51.89599842E-3,2.4001535E-3,
,,,51.89799890E-3,2.4001535E-3,
,,,51.89999938E-3,2.4001535E-3,
,,,51.90199986E-3,2.4001535E-3,
,,,51.90400034E-3,2.4001535E-3,
,,,51.90600082E-3,2.4001535E-3,
,,,51.90799758E-3,2.4001535E-3,
,,,51.90999806E-3,2.4001535E-3,
,,,51.91199854E-3,2.4001535E-3,
,,,51.91399902E-3,3.20020481E-3,
,,,51.91599950E-3,3.20020481E-3,
,,,51.91799998E-3,3.20020481E-3,
,,,51.92000046E-3,3.20020481E-3,
,,,51.92200094E-3,3.20020481E-3,
,,,51.92399770E-3,4.00025584E-3,
,,,51.92599818E-3,3.20020481E-3,
,,,51.92799866E-3,3.20020481E-3,
,,,51.92999914E-3,4.00025584E-3,
,,,51.93199962E-3,4.00025584E-3,
,,,51.93400010E-3,4.00025584E-3,
,,,51.93600059E-3,4.00025584E-3,
,,,51.93800107E-3,3.20020481E-3,
,,,51.93999782E-3,4.00025584E-3,
,,,51.94199830E-3,4.00025584E-3,
,,,51.94399878E-3,4.80030710E-3,
,,,51.94599926E-3,4.80030710E-3,
,,,51.94799975E-3,4.00025584E-3,
,,,51.95000023E-3,4.80030710E-3,
,,,51.95200071E-3,4.80030710E-3,
,,,51.95399746E-3,4.80030710E-3,
,,,51.95599794E-3,5.60035836E-3,
,,,51.95799842E-3,4.80030710E-3,
,,,51.95999891E-3,4.80030710E-3,
,,,51.96199939E-3,5.60035836E-3,
,,,51.96399987E-3,6.40040962E-3,
,,,51.96600035E-3,5.60035836E-3,
,,,51.96800083E-3,5.60035836E-3,
,,,51.96999758E-3,5.60035836E-3,
,,,51.97199807E-3,5.60035836E-3,
,,,51.97399855E-3,6.40040962E-3,
,,,51.97599903E-3,6.40040962E-3,
,,,51.97799951E-3,6.40040962E-3,
,,,51.97999999E-3,6.40040962E-3,
,,,51.98200047E-3,7.20046088E-3,
,,,51.98400095E-3,6.40040962E-3,
,,,51.98599771E-3,7.20046088E-3,
,,,51.98799819E-3,7.20046088E-3,
,,,51.98999867E-3,7.20046088E-3,
,,,51.99199915E-3,7.20046088E-3,
,,,51.99399963E-3,7.20046088E-3,
,,,51.99600011E-3,8.000511676E-3,
,,,51.99800059E-3,8.000511676E-3,
,,,52.00000107E-3,8.000511676E-3,
,,,52.00199783E-3,8.000511676E-3,
,,,52.00399831E-3,8.000511676E-3,
,,,52.00599879E-3,8.000511676E-3,
,,,52.00799927E-3,8.800563402E-3,
,,,52.00999975E-3,8.800563402E-3,
,,,52.01200023E-3,8.800563402E-3,
,,,52.01400071E-3,8.800563402E-3,
,,,52.01599747E-3,9.600614198E-3,
,,,52.01799795E-3,10.4006659E-3,
,,,52.01999843E-3,8.800563402E-3,
,,,52.02199891E-3,9.600614198E-3,
,,,52.02399939E-3,9.600614198E-3,
,,,52.02599987E-3,9.600614198E-3,
,,,52.02800035E-3,10.4006659E-3,
,,,52.03000084E-3,10.4006659E-3,
,,,52.03199759E-3,10.4006659E-3,
,,,52.03399807E-3,11.2007167E-3,
,,,52.03599855E-3,10.4006659E-3,
,,,52.03799903E-3,10.4006659E-3,
,,,52.03999951E-3,11.2007167E-3,
,,,52.04200000E-3,11.2007167E-3,
,,,52.04400048E-3,11.2007167E-3,
,,,52.04600096E-3,11.2007167E-3,
,,,52.04799771E-3,11.2007167E-3,
,,,52.04999819E-3,12.0007684E-3,
,,,52.05199867E-3,11.2007167E-3,
,,,52.05399916E-3,12.0007684E-3,
,,,52.05599964E-3,12.0007684E-3,
,,,52.05800012E-3,12.0007684E-3,
,,,52.06000060E-3,12.0007684E-3,
,,,52.06200108E-3,12.0007684E-3,
,,,52.06399783E-3,12.0007684E-3,
,,,52.06599832E-3,12.8008192E-3,
,,,52.06799880E-3,12.8008192E-3,
,,,52.06999928E-3,12.0007684E-3,
,,,52.07199976E-3,12.0007684E-3,
,,,52.07400024E-3,12.0007684E-3,
,,,52.07600072E-3,12.8008192E-3,
,,,52.07799748E-3,12.8008192E-3,
,,,52.07999796E-3,12.0007684E-3,
,,,52.08199844E-3,12.8008192E-3,
,,,52.08399892E-3,12.8008192E-3,
,,,52.08599940E-3,12.8008192E-3,
,,,52.08799988E-3,12.8008192E-3,
,,,52.09000036E-3,12.8008192E-3,
,,,52.09200084E-3,12.8008192E-3,
,,,52.09399760E-3,12.8008192E-3,
,,,52.09599808E-3,12.0007684E-3,
,,,52.09799856E-3,12.8008192E-3,
,,,52.09999904E-3,12.8008192E-3,
,,,52.10199952E-3,12.8008192E-3,
,,,52.10400000E-3,12.0007684E-3,
,,,52.10600048E-3,12.8008192E-3,
,,,52.10800096E-3,12.0007684E-3,
,,,52.10999772E-3,12.8008192E-3,
,,,52.11199820E-3,12.0007684E-3,
,,,52.11399868E-3,12.0007684E-3,
,,,52.11599916E-3,12.0007684E-3,
,,,52.11799964E-3,12.0007684E-3,
,,,52.12000012E-3,12.0007684E-3,
,,,52.12200060E-3,12.0007684E-3,
,,,52.12400109E-3,12.0007684E-3,
,,,52.12599784E-3,11.2007167E-3,
,,,52.12799832E-3,11.2007167E-3,
,,,52.12999880E-3,11.2007167E-3,
,,,52.13199928E-3,10.4006659E-3,
,,,52.13399976E-3,11.2007167E-3,
,,,52.13600025E-3,11.2007167E-3,
,,,52.13800073E-3,10.4006659E-3,
,,,52.13999748E-3,9.600614198E-3,
,,,52.14199796E-3,9.600614198E-3,
,,,52.14399844E-3,10.4006659E-3,
,,,52.14599892E-3,9.600614198E-3,
,,,52.14799941E-3,9.600614198E-3,
,,,52.14999989E-3,8.800563402E-3,
,,,52.15200037E-3,9.600614198E-3,
,,,52.15400085E-3,8.800563402E-3,
,,,52.15599760E-3,8.800563402E-3,
,,,52.15799809E-3,8.000511676E-3,
,,,52.15999857E-3,8.800563402E-3,
,,,52.16199905E-3,8.000511676E-3,
,,,52.16399953E-3,8.000511676E-3,
,,,52.16600001E-3,8.000511676E-3,
,,,52.16800049E-3,8.000511676E-3,
,,,52.17000097E-3,8.000511676E-3,
,,,52.17199773E-3,6.40040962E-3,
,,,52.17399821E-3,7.20046088E-3,
,,,52.17599869E-3,6.40040962E-3,
,,,52.17799917E-3,5.60035836E-3,
,,,52.17999965E-3,5.60035836E-3,
,,,52.18200013E-3,5.60035836E-3,
,,,52.18400061E-3,4.80030710E-3,
,,,52.18600109E-3,4.80030710E-3,
,,,52.18799785E-3,4.80030710E-3,
,,,52.18999833E-3,4.80030710E-3,
,,,52.19199881E-3,4.80030710E-3,
,,,52.19399929E-3,4.00025584E-3,
,,,52.19599977E-3,4.00025584E-3,
,,,52.19800025E-3,3.20020481E-3,
,,,52.20000073E-3,4.00025584E-3,
,,,52.20199749E-3,4.00025584E-3,
,,,52.20399797E-3,3.20020481E-3,
,,,52.20599845E-3,3.20020481E-3,
,,,52.20799893E-3,2.4001535E-3,
,,,52.20999941E-3,2.4001535E-3,
,,,52.21199989E-3,1.6001024E-3,
,,,52.21400037E-3,1.6001024E-3,
,,,52.21600085E-3,2.4001535E-3,
,,,52.21799761E-3,1.6001024E-3,
,,,52.21999809E-3,1.6001024E-3,
,,,52.22199857E-3,1.6001024E-3,
,,,52.22399905E-3,1.6001024E-3,
,,,52.22599953E-3,800.051202532E-6,
,,,52.22800002E-3,800.051202532E-6,
,,,52.23000050E-3,800.051202532E-6,
,,,52.23200098E-3,0.0,
,,,52.23399773E-3,800.051202532E-6,
,,,52.23599821E-3,0.0,
,,,52.23799869E-3,0.0,
,,,52.23999918E-3,-800.051202532E-6,
,,,52.24199966E-3,0.0,
,,,52.24400014E-3,0.0,
,,,52.24600062E-3,-800.051202532E-6,
,,,52.24800110E-3,-1.6001024E-3,
,,,52.24999785E-3,-800.051202532E-6,
,,,52.25199834E-3,-1.6001024E-3,
,,,52.25399882E-3,-800.051202532E-6,
,,,52.25599930E-3,-1.6001024E-3,
,,,52.25799978E-3,-800.051202532E-6,
,,,52.26000026E-3,-1.6001024E-3,
,,,52.26200074E-3,-1.6001024E-3,
,,,52.26399750E-3,-1.6001024E-3,
,,,52.26599798E-3,-1.6001024E-3,
,,,52.26799846E-3,-1.6001024E-3,
,,,52.26999894E-3,-1.6001024E-3,
,,,52.27199942E-3,-2.4001535E-3,
,,,52.27399990E-3,-1.6001024E-3,
,,,52.27600038E-3,-1.6001024E-3,
,,,52.27800086E-3,-1.6001024E-3,
,,,52.27999762E-3,-2.4001535E-3,
,,,52.28199810E-3,-2.4001535E-3,
,,,52.28399858E-3,-2.4001535E-3,
,,,52.28599906E-3,-2.4001535E-3,
,,,52.28799954E-3,-2.4001535E-3,
,,,52.29000002E-3,-1.6001024E-3,
,,,52.29200050E-3,-2.4001535E-3,
,,,52.29400098E-3,-1.6001024E-3,
,,,52.29599774E-3,-2.4001535E-3,
,,,52.29799822E-3,-2.4001535E-3,
,,,52.29999870E-3,-2.4001535E-3,
,,,52.30199918E-3,-1.6001024E-3,
,,,52.30399966E-3,-2.4001535E-3,
,,,52.30600014E-3,-1.6001024E-3,
,,,52.30800062E-3,-2.4001535E-3,
,,,52.31000111E-3,-1.6001024E-3,
,,,52.31199786E-3,-2.4001535E-3,
,,,52.31399834E-3,-2.4001535E-3,
,,,52.31599882E-3,-1.6001024E-3,
,,,52.31799930E-3,-1.6001024E-3,
,,,52.31999978E-3,-2.4001535E-3,
,,,52.32200027E-3,-1.6001024E-3,
,,,52.32400075E-3,-1.6001024E-3,
,,,52.32599750E-3,-1.6001024E-3,
,,,52.32799798E-3,-1.6001024E-3,
,,,52.32999846E-3,-1.6001024E-3,
,,,52.33199894E-3,-1.6001024E-3,
,,,52.33399943E-3,-2.4001535E-3,
,,,52.33599991E-3,-800.051202532E-6,
,,,52.33800039E-3,-1.6001024E-3,
,,,52.34000087E-3,-1.6001024E-3,
,,,52.34199762E-3,-800.051202532E-6,
,,,52.34399810E-3,-1.6001024E-3,
,,,52.34599859E-3,-1.6001024E-3,
,,,52.34799907E-3,-800.051202532E-6,
,,,52.34999955E-3,-1.6001024E-3,
,,,52.35200003E-3,-800.051202532E-6,
,,,52.35400051E-3,-1.6001024E-3,
,,,52.35600099E-3,-800.051202532E-6,
,,,52.35799775E-3,-800.051202532E-6,
,,,52.35999823E-3,0.0,
,,,52.36199871E-3,-800.051202532E-6,
,,,52.36399919E-3,-800.051202532E-6,
,,,52.36599967E-3,-800.051202532E-6,
,,,52.36800015E-3,0.0,
,,,52.37000063E-3,-800.051202532E-6,
,,,52.37200111E-3,-800.051202532E-6,
,,,52.37399787E-3,-800.051202532E-6,
,,,52.37599835E-3,-800.051202532E-6,
,,,52.37799883E-3,-800.051202532E-6,
,,,52.37999931E-3,-800.051202532E-6,
,,,52.38199979E-3,-800.051202532E-6,
,,,52.38400027E-3,-800.051202532E-6,
,,,52.38600075E-3,0.0,
,,,52.38799751E-3,0.0,
,,,52.38999799E-3,0.0,
,,,52.39199847E-3,0.0,
,,,52.39399895E-3,0.0,
,,,52.39599943E-3,0.0,
,,,52.39799991E-3,0.0,
,,,52.40000039E-3,0.0,
,,,52.40200087E-3,0.0,
,,,52.40399763E-3,0.0,
,,,52.40599811E-3,800.051202532E-6,
,,,52.40799859E-3,0.0,
,,,52.40999907E-3,0.0,
,,,52.41199955E-3,800.051202532E-6,
,,,52.41400003E-3,800.051202532E-6,
,,,52.41600052E-3,0.0,
,,,52.41800100E-3,800.051202532E-6,
,,,52.41999775E-3,800.051202532E-6,
,,,52.42199823E-3,800.051202532E-6,
,,,52.42399871E-3,800.051202532E-6,
,,,52.42599919E-3,0.0,
,,,52.42799968E-3,800.051202532E-6,
,,,52.43000016E-3,800.051202532E-6,
,,,52.43200064E-3,800.051202532E-6,
,,,52.43400112E-3,800.051202532E-6,
,,,52.43599787E-3,800.051202532E-6,
,,,52.43799835E-3,800.051202532E-6,
,,,52.43999884E-3,800.051202532E-6,
,,,52.44199932E-3,800.051202532E-6,
,,,52.44399980E-3,800.051202532E-6,
,,,52.44600028E-3,800.051202532E-6,
,,,52.44800076E-3,1.6001024E-3,
,,,52.44999751E-3,1.6001024E-3,
,,,52.45199800E-3,1.6001024E-3,
,,,52.45399848E-3,800.051202532E-6,
,,,52.45599896E-3,1.6001024E-3,
,,,52.45799944E-3,1.6001024E-3,
,,,52.45999992E-3,800.051202532E-6,
,,,52.46200040E-3,800.051202532E-6,
,,,52.46400088E-3,1.6001024E-3,
,,,52.46599764E-3,1.6001024E-3,
,,,52.46799812E-3,1.6001024E-3,
,,,52.46999860E-3,1.6001024E-3,
,,,52.47199908E-3,800.051202532E-6,
,,,52.47399956E-3,1.6001024E-3,
,,,52.47600004E-3,1.6001024E-3,
,,,52.47800052E-3,800.051202532E-6,
,,,52.48000100E-3,1.6001024E-3,
,,,52.48199776E-3,1.6001024E-3,
,,,52.48399824E-3,800.051202532E-6,
,,,52.48599872E-3,1.6001024E-3,
,,,52.48799920E-3,1.6001024E-3,
,,,52.48999968E-3,1.6001024E-3,
,,,52.49200016E-3,1.6001024E-3,
,,,52.49400064E-3,1.6001024E-3,
,,,52.49600112E-3,800.051202532E-6,
,,,52.49799788E-3,800.051202532E-6,
,,,52.49999836E-3,1.6001024E-3,
,,,52.50199884E-3,1.6001024E-3,
,,,52.50399932E-3,1.6001024E-3,
,,,52.50599980E-3,1.6001024E-3,
,,,52.50800028E-3,1.6001024E-3,
,,,52.51000077E-3,1.6001024E-3,
,,,52.51199752E-3,1.6001024E-3,
,,,52.51399800E-3,1.6001024E-3,
,,,52.51599848E-3,1.6001024E-3,
,,,52.51799896E-3,1.6001024E-3,
,,,52.51999944E-3,1.6001024E-3,
,,,52.52199993E-3,1.6001024E-3,
,,,52.52400041E-3,1.6001024E-3,
,,,52.52600089E-3,1.6001024E-3,
,,,52.52799764E-3,1.6001024E-3,
,,,52.52999812E-3,1.6001024E-3,
,,,52.53199860E-3,1.6001024E-3,
,,,52.53399909E-3,1.6001024E-3,
,,,52.53599957E-3,1.6001024E-3,
,,,52.53800005E-3,1.6001024E-3,
,,,52.54000053E-3,2.4001535E-3,
,,,52.54200101E-3,1.6001024E-3,
,,,52.54399776E-3,2.4001535E-3,
,,,52.54599825E-3,1.6001024E-3,
,,,52.54799873E-3,1.6001024E-3,
,,,52.54999921E-3,1.6001024E-3,
,,,52.55199969E-3,1.6001024E-3,
,,,52.55400017E-3,1.6001024E-3,
,,,52.55600065E-3,1.6001024E-3,
,,,52.55800113E-3,1.6001024E-3,
,,,52.55999789E-3,2.4001535E-3,
,,,52.56199837E-3,1.6001024E-3,
,,,52.56399885E-3,1.6001024E-3,
,,,52.56599933E-3,1.6001024E-3,
,,,52.56799981E-3,1.6001024E-3,
,,,52.57000029E-3,1.6001024E-3,
,,,52.57200077E-3,1.6001024E-3,
,,,52.57399753E-3,1.6001024E-3,
,,,52.57599801E-3,1.6001024E-3,
,,,52.57799849E-3,2.4001535E-3,
,,,52.57999897E-3,2.4001535E-3,
,,,52.58199945E-3,2.4001535E-3,
,,,52.58399993E-3,2.4001535E-3,
,,,52.58600041E-3,2.4001535E-3,
,,,52.58800089E-3,2.4001535E-3,
,,,52.58999765E-3,1.6001024E-3,
,,,52.59199813E-3,1.6001024E-3,
,,,52.59399861E-3,1.6001024E-3,
,,,52.59599909E-3,2.4001535E-3,
,,,52.59799957E-3,2.4001535E-3,
,,,52.60000005E-3,1.6001024E-3,
,,,52.60200053E-3,2.4001535E-3,
,,,52.60400102E-3,2.4001535E-3,
,,,52.60599777E-3,2.4001535E-3,
,,,52.60799825E-3,1.6001024E-3,
,,,52.60999873E-3,1.6001024E-3,
,,,52.61199921E-3,2.4001535E-3,
,,,52.61399969E-3,1.6001024E-3,
,,,52.61600018E-3,1.6001024E-3,
,,,52.61800066E-3,1.6001024E-3,
,,,52.62000114E-3,1.6001024E-3,
,,,52.62199789E-3,2.4001535E-3,
,,,52.62399837E-3,1.6001024E-3,
,,,52.62599885E-3,2.4001535E-3,
,,,52.62799934E-3,2.4001535E-3,
,,,52.62999982E-3,2.4001535E-3,
,,,52.63200030E-3,2.4001535E-3,
,,,52.63400078E-3,2.4001535E-3,
,,,52.63599753E-3,2.4001535E-3,
,,,52.63799801E-3,1.6001024E-3,
,,,52.63999850E-3,1.6001024E-3,
,,,52.64199898E-3,1.6001024E-3,
,,,52.64399946E-3,1.6001024E-3,
,,,52.64599994E-3,1.6001024E-3,
,,,52.64800042E-3,1.6001024E-3,
,,,52.65000090E-3,1.6001024E-3,
,,,52.65199766E-3,1.6001024E-3,
,,,52.65399814E-3,2.4001535E-3,
,,,52.65599862E-3,1.6001024E-3,
,,,52.65799910E-3,2.4001535E-3,
,,,52.65999958E-3,2.4001535E-3,
,,,52.66200006E-3,2.4001535E-3,
,,,52.66400054E-3,2.4001535E-3,
,,,52.66600102E-3,2.4001535E-3,
,,,52.66799778E-3,2.4001535E-3,
,,,52.66999826E-3,2.4001535E-3,
,,,52.67199874E-3,2.4001535E-3,
,,,52.67399922E-3,2.4001535E-3,
,,,52.67599970E-3,1.6001024E-3,
,,,52.67800018E-3,2.4001535E-3,
,,,52.68000066E-3,1.6001024E-3,
,,,52.68200114E-3,1.6001024E-3,
,,,52.68399790E-3,2.4001535E-3,
,,,52.68599838E-3,1.6001024E-3,
,,,52.68799886E-3,2.4001535E-3,
,,,52.68999934E-3,1.6001024E-3,
,,,52.69199982E-3,1.6001024E-3,
,,,52.69400030E-3,2.4001535E-3,
,,,52.69600078E-3,2.4001535E-3,
,,,52.69799754E-3,2.4001535E-3,
,,,52.69999802E-3,1.6001024E-3,
,,,52.70199850E-3,1.6001024E-3,
,,,52.70399898E-3,1.6001024E-3,
,,,52.70599946E-3,2.4001535E-3,
,,,52.70799994E-3,2.4001535E-3,
,,,52.71000043E-3,2.4001535E-3,
,,,52.71200091E-3,3.20020481E-3,
,,,52.71399766E-3,2.4001535E-3,
,,,52.71599814E-3,2.4001535E-3,
,,,52.71799862E-3,2.4001535E-3,
,,,52.71999910E-3,2.4001535E-3,
,,,52.72199959E-3,1.6001024E-3,
,,,52.72400007E-3,2.4001535E-3,
,,,52.72600055E-3,2.4001535E-3,
,,,52.72800103E-3,2.4001535E-3,
,,,52.72999778E-3,2.4001535E-3,
,,,52.73199826E-3,3.20020481E-3,
,,,52.73399875E-3,3.20020481E-3,
,,,52.73599923E-3,2.4001535E-3,
,,,52.73799971E-3,2.4001535E-3,
,,,52.74000019E-3,2.4001535E-3,
,,,52.74200067E-3,2.4001535E-3,
,,,52.74400115E-3,2.4001535E-3,
,,,52.74599791E-3,3.20020481E-3,
,,,52.74799839E-3,3.20020481E-3,
,,,52.74999887E-3,3.20020481E-3,
,,,52.75199935E-3,3.20020481E-3,
,,,52.75399983E-3,3.20020481E-3,
,,,52.75600031E-3,3.20020481E-3,
,,,52.75800079E-3,4.00025584E-3,
,,,52.75999755E-3,3.20020481E-3,
,,,52.76199803E-3,3.20020481E-3,
,,,52.76399851E-3,3.20020481E-3,
,,,52.76599899E-3,4.00025584E-3,
,,,52.76799947E-3,4.00025584E-3,
,,,52.76999995E-3,4.00025584E-3,
,,,52.77200043E-3,3.20020481E-3,
,,,52.77400091E-3,3.20020481E-3,
,,,52.77599767E-3,4.00025584E-3,
,,,52.77799815E-3,4.00025584E-3,
,,,52.77999863E-3,4.00025584E-3,
,,,52.78199911E-3,4.00025584E-3,
,,,52.78399959E-3,4.00025584E-3,
,,,52.78600007E-3,4.00025584E-3,
,,,52.78800055E-3,4.00025584E-3,
,,,52.79000103E-3,4.00025584E-3,
,,,52.79199779E-3,4.80030710E-3,
,,,52.79399827E-3,4.80030710E-3,
,,,52.79599875E-3,4.80030710E-3,
,,,52.79799923E-3,4.80030710E-3,
,,,52.79999971E-3,4.80030710E-3,
,,,52.80200019E-3,4.80030710E-3,
,,,52.80400068E-3,4.00025584E-3,
,,,52.80600116E-3,4.80030710E-3,
,,,52.80799791E-3,4.80030710E-3,
,,,52.80999839E-3,5.60035836E-3,
,,,52.81199887E-3,5.60035836E-3,
,,,52.81399935E-3,4.80030710E-3,
,,,52.81599984E-3,5.60035836E-3,
,,,52.81800032E-3,5.60035836E-3,
,,,52.82000080E-3,5.60035836E-3,
,,,52.82199755E-3,5.60035836E-3,
,,,52.82399803E-3,5.60035836E-3,
,,,52.82599851E-3,6.40040962E-3,
,,,52.82799900E-3,6.40040962E-3,
,,,52.82999948E-3,5.60035836E-3,
,,,52.83199996E-3,6.40040962E-3,
,,,52.83400044E-3,7.20046088E-3,
,,,52.83600092E-3,7.20046088E-3,
,,,52.83799767E-3,7.20046088E-3,
,,,52.83999816E-3,7.20046088E-3,
,,,52.84199864E-3,7.20046088E-3,
,,,52.84399912E-3,7.20046088E-3,
,,,52.84599960E-3,7.20046088E-3,
,,,52.84800008E-3,8.000511676E-3,
,,,52.85000056E-3,8.000511676E-3,
,,,52.85200104E-3,7.20046088E-3,
,,,52.85399780E-3,8.000511676E-3,
,,,52.85599828E-3,8.000511676E-3,
,,,52.85799876E-3,8.000511676E-3,
,,,52.85999924E-3,8.000511676E-3,
,,,52.86199972E-3,8.000511676E-3,
,,,52.86400020E-3,8.800563402E-3,
,,,52.86600068E-3,8.800563402E-3,
,,,52.86800116E-3,8.800563402E-3,
,,,52.86999792E-3,9.600614198E-3,
,,,52.87199840E-3,9.600614198E-3,
,,,52.87399888E-3,8.800563402E-3,
,,,52.87599936E-3,9.600614198E-3,
,,,52.87799984E-3,9.600614198E-3,
,,,52.88000032E-3,9.600614198E-3,
,,,52.88200080E-3,9.600614198E-3,
,,,52.88399756E-3,9.600614198E-3,
,,,52.88599804E-3,9.600614198E-3,
,,,52.88799852E-3,10.4006659E-3,
,,,52.88999900E-3,10.4006659E-3,
,,,52.89199948E-3,10.4006659E-3,
,,,52.89399996E-3,10.4006659E-3,
,,,52.89600044E-3,11.2007167E-3,
,,,52.89800093E-3,11.2007167E-3,
,,,52.89999768E-3,11.2007167E-3,
,,,52.90199816E-3,11.2007167E-3,
,,,52.90399864E-3,11.2007167E-3,
,,,52.90599912E-3,11.2007167E-3,
,,,52.90799960E-3,11.2007167E-3,
,,,52.91000009E-3,11.2007167E-3,
,,,52.91200057E-3,12.0007684E-3,
,,,52.91400105E-3,12.0007684E-3,
,,,52.91599780E-3,12.0007684E-3,
,,,52.91799828E-3,12.0007684E-3,
,,,52.91999876E-3,12.0007684E-3,
,,,52.92199925E-3,12.0007684E-3,
,,,52.92399973E-3,12.0007684E-3,
,,,52.92600021E-3,12.0007684E-3,
,,,52.92800069E-3,12.8008192E-3,
,,,52.93000117E-3,12.8008192E-3,
,,,52.93199793E-3,12.8008192E-3,
,,,52.93399841E-3,12.8008192E-3,
,,,52.93599889E-3,12.8008192E-3,
,,,52.93799937E-3,12.8008192E-3,
,,,52.93999985E-3,12.8008192E-3,
,,,52.94200033E-3,12.8008192E-3,
,,,52.94400081E-3,12.8008192E-3,
,,,52.94599757E-3,13.6008700E-3,
,,,52.94799805E-3,12.8008192E-3,
,,,52.94999853E-3,12.8008192E-3,
,,,52.95199901E-3,12.8008192E-3,
,,,52.95399949E-3,12.8008192E-3,
,,,52.95599997E-3,12.0007684E-3,
,,,52.95800045E-3,12.8008192E-3,
,,,52.96000093E-3,12.8008192E-3,
,,,52.96199769E-3,12.8008192E-3,
,,,52.96399817E-3,12.8008192E-3,
,,,52.96599865E-3,12.0007684E-3,
,,,52.96799913E-3,12.0007684E-3,
,,,52.96999961E-3,12.8008192E-3,
,,,52.97200009E-3,12.8008192E-3,
,,,52.97400057E-3,12.8008192E-3,
,,,52.97600105E-3,12.8008192E-3,
,,,52.97799781E-3,12.8008192E-3,
,,,52.97999829E-3,12.8008192E-3,
,,,52.98199877E-3,12.8008192E-3,
,,,52.98399925E-3,12.0007684E-3,
,,,52.98599973E-3,12.8008192E-3,
,,,52.98800021E-3,12.0007684E-3,
,,,52.99000069E-3,12.0007684E-3,
,,,52.99200118E-3,12.8008192E-3,
,,,52.99399793E-3,11.2007167E-3,
,,,52.99599841E-3,11.2007167E-3,
,,,52.99799889E-3,11.2007167E-3,
,,,52.99999937E-3,10.4006659E-3,
,,,53.00199986E-3,11.2007167E-3,
,,,53.00400034E-3,9.600614198E-3,
,,,53.00600082E-3,9.600614198E-3,
,,,53.00799757E-3,9.600614198E-3,
,,,53.00999805E-3,8.800563402E-3,
,,,53.01199853E-3,8.800563402E-3,
,,,53.01399902E-3,9.600614198E-3,
,,,53.01599950E-3,8.800563402E-3,
,,,53.01799998E-3,8.800563402E-3,
,,,53.02000046E-3,8.000511676E-3,
,,,53.02200094E-3,8.000511676E-3,
,,,53.02399769E-3,8.000511676E-3,
,,,53.02599818E-3,8.000511676E-3,
,,,53.02799866E-3,7.20046088E-3,
,,,53.02999914E-3,7.20046088E-3,
,,,53.03199962E-3,7.20046088E-3,
,,,53.03400010E-3,6.40040962E-3,
,,,53.03600058E-3,6.40040962E-3,
,,,53.03800106E-3,6.40040962E-3,
,,,53.03999782E-3,5.60035836E-3,
,,,53.04199830E-3,4.80030710E-3,
,,,53.04399878E-3,5.60035836E-3,
,,,53.04599926E-3,4.00025584E-3,
,,,53.04799974E-3,4.00025584E-3,
,,,53.05000022E-3,4.80030710E-3,
,,,53.05200070E-3,4.00025584E-3,
,,,53.05399746E-3,3.20020481E-3,
,,,53.05599794E-3,2.4001535E-3,
,,,53.05799842E-3,2.4001535E-3,
,,,53.05999890E-3,3.20020481E-3,
,,,53.06199938E-3,1.6001024E-3,
,,,53.06399986E-3,2.4001535E-3,
,,,53.06600034E-3,1.6001024E-3,
,,,53.06800082E-3,1.6001024E-3,
,,,53.06999758E-3,800.051202532E-6,
,,,53.07199806E-3,0.0,
,,,53.07399854E-3,0.0,
,,,53.07599902E-3,0.0,
,,,53.07799950E-3,-800.051202532E-6,
,,,53.07999998E-3,-800.051202532E-6,
,,,53.08200046E-3,-1.6001024E-3,
,,,53.08400095E-3,-1.6001024E-3,
,,,53.08599770E-3,-1.6001024E-3,
,,,53.08799818E-3,-2.4001535E-3,
,,,53.08999866E-3,-3.20020481E-3,
,,,53.09199914E-3,-3.20020481E-3,
,,,53.09399962E-3,-4.00025584E-3,
,,,53.09600011E-3,-3.20020481E-3,
,,,53.09800059E-3,-4.80030710E-3,
,,,53.10000107E-3,-4.80030710E-3,
,,,53.10199782E-3,-4.80030710E-3,
,,,53.10399830E-3,-5.60035836E-3,
,,,53.10599878E-3,-6.40040962E-3,
,,,53.10799927E-3,-7.20046088E-3,
,,,53.10999975E-3,-6.40040962E-3,
,,,53.11200023E-3,-6.40040962E-3,
,,,53.11400071E-3,-7.20046088E-3,
,,,53.11599746E-3,-7.20046088E-3,
,,,53.11799794E-3,-8.000511676E-3,
,,,53.11999843E-3,-8.000511676E-3,
,,,53.12199891E-3,-8.800563402E-3,
,,,53.12399939E-3,-8.800563402E-3,
,,,53.12599987E-3,-8.800563402E-3,
,,,53.12800035E-3,-8.800563402E-3,
,,,53.13000083E-3,-9.600614198E-3,
,,,53.13199759E-3,-9.600614198E-3,
,,,53.13399807E-3,-10.4006659E-3,
,,,53.13599855E-3,-9.600614198E-3,
,,,53.13799903E-3,-9.600614198E-3,
,,,53.13999951E-3,-10.4006659E-3,
,,,53.14199999E-3,-10.4006659E-3,
,,,53.14400047E-3,-11.2007167E-3,
,,,53.14600095E-3,-12.0007684E-3,
,,,53.14799771E-3,-11.2007167E-3,
,,,53.14999819E-3,-11.2007167E-3,
,,,53.15199867E-3,-12.0007684E-3,
,,,53.15399915E-3,-12.8008192E-3,
,,,53.15599963E-3,-12.8008192E-3,
,,,53.15800011E-3,-12.0007684E-3,
,,,53.16000059E-3,-12.0007684E-3,
,,,53.16200107E-3,-12.8008192E-3,
,,,53.16399783E-3,-12.8008192E-3,
,,,53.16599831E-3,-12.8008192E-3,
,,,53.16799879E-3,-12.0007684E-3,
,,,53.16999927E-3,-12.8008192E-3,
,,,53.17199975E-3,-12.8008192E-3,
,,,53.17400023E-3,-12.8008192E-3,
,,,53.17600071E-3,-12.8008192E-3,
,,,53.17799747E-3,-12.8008192E-3,
,,,53.17999795E-3,-12.8008192E-3,
,,,53.18199843E-3,-12.8008192E-3,
,,,53.18399891E-3,-12.8008192E-3,
,,,53.18599939E-3,-13.6008700E-3,
,,,53.18799987E-3,-12.8008192E-3,
,,,53.19000036E-3,-13.6008700E-3,
,,,53.19200084E-3,-12.8008192E-3,
,,,53.19399759E-3,-12.8008192E-3,
,,,53.19599807E-3,-12.8008192E-3,
,,,53.19799855E-3,-12.8008192E-3,
,,,53.19999903E-3,-12.8008192E-3,
,,,53.20199952E-3,-12.8008192E-3,
,,,53.20400000E-3,-12.8008192E-3,
,,,53.20600048E-3,-12.8008192E-3,
,,,53.20800096E-3,-12.8008192E-3,
,,,53.20999771E-3,-12.8008192E-3,
,,,53.21199819E-3,-12.0007684E-3,
,,,53.21399868E-3,-12.8008192E-3,
,,,53.21599916E-3,-12.8008192E-3,
,,,53.21799964E-3,-12.0007684E-3,
,,,53.22000012E-3,-12.0007684E-3,
,,,53.22200060E-3,-11.2007167E-3,
,,,53.22400108E-3,-11.2007167E-3,
,,,53.22599784E-3,-12.0007684E-3,
,,,53.22799832E-3,-11.2007167E-3,
,,,53.22999880E-3,-12.0007684E-3,
,,,53.23199928E-3,-11.2007167E-3,
,,,53.23399976E-3,-11.2007167E-3,
,,,53.23600024E-3,-11.2007167E-3,
,,,53.23800072E-3,-11.2007167E-3,
,,,53.23999748E-3,-11.2007167E-3,
,,,53.24199796E-3,-11.2007167E-3,
,,,53.24399844E-3,-10.4006659E-3,
,,,53.24599892E-3,-10.4006659E-3,
,,,53.24799940E-3,-10.4006659E-3,
,,,53.24999988E-3,-9.600614198E-3,
,,,53.25200036E-3,-9.600614198E-3,
,,,53.25400084E-3,-10.4006659E-3,
,,,53.25599760E-3,-9.600614198E-3,
,,,53.25799808E-3,-9.600614198E-3,
,,,53.25999856E-3,-8.800563402E-3,
,,,53.26199904E-3,-8.800563402E-3,
,,,53.26399952E-3,-8.800563402E-3,
,,,53.26600000E-3,-8.800563402E-3,
,,,53.26800048E-3,-8.800563402E-3,
,,,53.27000096E-3,-8.800563402E-3,
,,,53.27199772E-3,-8.800563402E-3,
,,,53.27399820E-3,-8.000511676E-3,
,,,53.27599868E-3,-7.20046088E-3,
,,,53.27799916E-3,-8.000511676E-3,
,,,53.27999964E-3,-7.20046088E-3,
,,,53.28200012E-3,-7.20046088E-3,
,,,53.28400061E-3,-7.20046088E-3,
,,,53.28600109E-3,-7.20046088E-3,
,,,53.28799784E-3,-6.40040962E-3,
,,,53.28999832E-3,-6.40040962E-3,
,,,53.29199880E-3,-6.40040962E-3,
,,,53.29399928E-3,-5.60035836E-3,
,,,53.29599977E-3,-6.40040962E-3,
,,,53.29800025E-3,-5.60035836E-3,
,,,53.30000073E-3,-5.60035836E-3,
,,,53.30199748E-3,-5.60035836E-3,
,,,53.30399796E-3,-5.60035836E-3,
,,,53.30599844E-3,-5.60035836E-3,
,,,53.30799893E-3,-4.80030710E-3,
,,,53.30999941E-3,-5.60035836E-3,
,,,53.31199989E-3,-5.60035836E-3,
,,,53.31400037E-3,-4.80030710E-3,
,,,53.31600085E-3,-4.80030710E-3,
,,,53.31799760E-3,-4.80030710E-3,
,,,53.31999809E-3,-4.00025584E-3,
,,,53.32199857E-3,-4.00025584E-3,
,,,53.32399905E-3,-4.00025584E-3,
,,,53.32599953E-3,-4.00025584E-3,
,,,53.32800001E-3,-4.00025584E-3,
,,,53.33000049E-3,-4.00025584E-3,
,,,53.33200097E-3,-3.20020481E-3,
,,,53.33399773E-3,-3.20020481E-3,
,,,53.33599821E-3,-3.20020481E-3,
,,,53.33799869E-3,-2.4001535E-3,
,,,53.33999917E-3,-2.4001535E-3,
,,,53.34199965E-3,-3.20020481E-3,
,,,53.34400013E-3,-2.4001535E-3,
,,,53.34600061E-3,-2.4001535E-3,
,,,53.34800109E-3,-2.4001535E-3,
,,,53.34999785E-3,-1.6001024E-3,
,,,53.35199833E-3,-1.6001024E-3,
,,,53.35399881E-3,-2.4001535E-3,
,,,53.35599929E-3,-1.6001024E-3,
,,,53.35799977E-3,-2.4001535E-3,
,,,53.36000025E-3,-1.6001024E-3,
,,,53.36200073E-3,-1.6001024E-3,
,,,53.36399749E-3,-1.6001024E-3,
,,,53.36599797E-3,-1.6001024E-3,
,,,53.36799845E-3,-800.051202532E-6,
,,,53.36999893E-3,-1.6001024E-3,
,,,53.37199941E-3,-800.051202532E-6,
,,,53.37399989E-3,-800.051202532E-6,
,,,53.37600037E-3,0.0,
,,,53.37800086E-3,-800.051202532E-6,
,,,53.37999761E-3,0.0,
,,,53.38199809E-3,-800.051202532E-6,
,,,53.38399857E-3,-800.051202532E-6,
,,,53.38599905E-3,0.0,
,,,53.38799953E-3,0.0,
,,,53.39000002E-3,0.0,
,,,53.39200050E-3,0.0,
,,,53.39400098E-3,0.0,
,,,53.39599773E-3,0.0,
,,,53.39799821E-3,0.0,
,,,53.39999869E-3,0.0,
,,,53.40199918E-3,800.051202532E-6,
,,,53.40399966E-3,800.051202532E-6,
,,,53.40600014E-3,800.051202532E-6,
,,,53.40800062E-3,800.051202532E-6,
,,,53.41000110E-3,0.0,
,,,53.41199785E-3,800.051202532E-6,
,,,53.41399834E-3,1.6001024E-3,
,,,53.41599882E-3,800.051202532E-6,
,,,53.41799930E-3,1.6001024E-3,
,,,53.41999978E-3,1.6001024E-3,
,,,53.42200026E-3,1.6001024E-3,
,,,53.42400074E-3,1.6001024E-3,
,,,53.42599750E-3,800.051202532E-6,
,,,53.42799798E-3,800.051202532E-6,
,,,53.42999846E-3,800.051202532E-6,
,,,53.43199894E-3,800.051202532E-6,
,,,53.43399942E-3,800.051202532E-6,
,,,53.43599990E-3,1.6001024E-3,
,,,53.43800038E-3,800.051202532E-6,
,,,53.44000086E-3,1.6001024E-3,
,,,53.44199762E-3,800.051202532E-6,
,,,53.44399810E-3,800.051202532E-6,
,,,53.44599858E-3,1.6001024E-3,
,,,53.44799906E-3,1.6001024E-3,
,,,53.44999954E-3,1.6001024E-3,
,,,53.45200002E-3,800.051202532E-6,
,,,53.45400050E-3,1.6001024E-3,
,,,53.45600098E-3,1.6001024E-3,
,,,53.45799774E-3,1.6001024E-3,
,,,53.45999822E-3,1.6001024E-3,
,,,53.46199870E-3,800.051202532E-6,
,,,53.46399918E-3,1.6001024E-3,
,,,53.46599966E-3,800.051202532E-6,
,,,53.46800014E-3,800.051202532E-6,
,,,53.47000062E-3,800.051202532E-6,
,,,53.47200111E-3,800.051202532E-6,
,,,53.47399786E-3,800.051202532E-6,
,,,53.47599834E-3,1.6001024E-3,
,,,53.47799882E-3,1.6001024E-3,
,,,53.47999930E-3,800.051202532E-6,
,,,53.48199978E-3,800.051202532E-6,
,,,53.48400027E-3,0.0,
,,,53.48600075E-3,0.0,
,,,53.48799750E-3,0.0,
,,,53.48999798E-3,800.051202532E-6,
,,,53.49199846E-3,800.051202532E-6,
,,,53.49399894E-3,800.051202532E-6,
,,,53.49599943E-3,800.051202532E-6,
,,,53.49799991E-3,800.051202532E-6,
,,,53.50000039E-3,0.0,
,,,53.50200087E-3,0.0,
,,,53.50399762E-3,0.0,
,,,53.50599810E-3,0.0,
,,,53.50799859E-3,0.0,
,,,53.50999907E-3,-800.051202532E-6,
,,,53.51199955E-3,-800.051202532E-6,
,,,53.51400003E-3,0.0,
,,,53.51600051E-3,0.0,
,,,53.51800099E-3,-800.051202532E-6,
,,,53.51999775E-3,-800.051202532E-6,
,,,53.52199823E-3,-800.051202532E-6,
,,,53.52399871E-3,-800.051202532E-6,
,,,53.52599919E-3,-800.051202532E-6,
,,,53.52799967E-3,-1.6001024E-3,
,,,53.53000015E-3,-1.6001024E-3,
,,,53.53200063E-3,-1.6001024E-3,
,,,53.53400111E-3,-800.051202532E-6,
,,,53.53599787E-3,-1.6001024E-3,
,,,53.53799835E-3,-1.6001024E-3,
,,,53.53999883E-3,-1.6001024E-3,
,,,53.54199931E-3,-2.4001535E-3,
,,,53.54399979E-3,-2.4001535E-3,
,,,53.54600027E-3,-1.6001024E-3,
,,,53.54800075E-3,-2.4001535E-3,
,,,53.54999751E-3,-2.4001535E-3,
,,,53.55199799E-3,-2.4001535E-3,
,,,53.55399847E-3,-2.4001535E-3,
,,,53.55599895E-3,-2.4001535E-3,
,,,53.55799943E-3,-2.4001535E-3,
,,,53.55999991E-3,-2.4001535E-3,
,,,53.56200039E-3,-3.20020481E-3,
,,,53.56400087E-3,-3.20020481E-3,
,,,53.56599763E-3,-3.20020481E-3,
,,,53.56799811E-3,-3.20020481E-3,
,,,53.56999859E-3,-3.20020481E-3,
,,,53.57199907E-3,-3.20020481E-3,
,,,53.57399955E-3,-3.20020481E-3,
,,,53.57600003E-3,-3.20020481E-3,
,,,53.57800052E-3,-3.20020481E-3,
,,,53.58000100E-3,-4.00025584E-3,
,,,53.58199775E-3,-4.00025584E-3,
,,,53.58399823E-3,-4.00025584E-3,
,,,53.58599871E-3,-4.00025584E-3,
,,,53.58799919E-3,-4.00025584E-3,
,,,53.58999968E-3,-4.00025584E-3,
,,,53.59200016E-3,-4.00025584E-3,
,,,53.59400064E-3,-4.00025584E-3,
,,,53.59600112E-3,-4.00025584E-3,
,,,53.59799787E-3,-4.00025584E-3,
,,,53.59999835E-3,-4.00025584E-3,
,,,53.60199884E-3,-4.00025584E-3,
,,,53.60399932E-3,-4.00025584E-3,
,,,53.60599980E-3,-4.00025584E-3,
,,,53.60800028E-3,-4.00025584E-3,
,,,53.61000076E-3,-4.00025584E-3,
,,,53.61199751E-3,-4.00025584E-3,
,,,53.61399800E-3,-4.00025584E-3,
,,,53.61599848E-3,-4.80030710E-3,
,,,53.61799896E-3,-4.00025584E-3,
,,,53.61999944E-3,-4.80030710E-3,
,,,53.62199992E-3,-4.80030710E-3,
,,,53.62400040E-3,-4.00025584E-3,
,,,53.62600088E-3,-4.80030710E-3,
,,,53.62799764E-3,-4.00025584E-3,
,,,53.62999812E-3,-4.00025584E-3,
,,,53.63199860E-3,-4.80030710E-3,
,,,53.63399908E-3,-4.00025584E-3,
,,,53.63599956E-3,-4.00025584E-3,
,,,53.63800004E-3,-4.80030710E-3,
,,,53.64000052E-3,-4.00025584E-3,
,,,53.64200100E-3,-4.80030710E-3,
,,,53.64399776E-3,-4.80030710E-3,
,,,53.64599824E-3,-4.80030710E-3,
,,,53.64799872E-3,-4.00025584E-3,
,,,53.64999920E-3,-4.00025584E-3,
,,,53.65199968E-3,-4.00025584E-3,
,,,53.65400016E-3,-4.00025584E-3,
,,,53.65600064E-3,-4.00025584E-3,
,,,53.65800112E-3,-4.00025584E-3,
,,,53.65999788E-3,-4.00025584E-3,
,,,53.66199836E-3,-4.00025584E-3,
,,,53.66399884E-3,-4.00025584E-3,
,,,53.66599932E-3,-4.00025584E-3,
,,,53.66799980E-3,-4.00025584E-3,
,,,53.67000028E-3,-4.00025584E-3,
,,,53.67200077E-3,-3.20020481E-3,
,,,53.67399752E-3,-3.20020481E-3,
,,,53.67599800E-3,-4.00025584E-3,
,,,53.67799848E-3,-4.00025584E-3,
,,,53.67999896E-3,-3.20020481E-3,
,,,53.68199944E-3,-4.00025584E-3,
,,,53.68399993E-3,-4.00025584E-3,
,,,53.68600041E-3,-4.00025584E-3,
,,,53.68800089E-3,-3.20020481E-3,
,,,53.68999764E-3,-3.20020481E-3,
,,,53.69199812E-3,-3.20020481E-3,
,,,53.69399861E-3,-3.20020481E-3,
,,,53.69599909E-3,-3.20020481E-3,
,,,53.69799957E-3,-3.20020481E-3,
,,,53.70000005E-3,-3.20020481E-3,
,,,53.70200053E-3,-2.4001535E-3,
,,,53.70400101E-3,-3.20020481E-3,
,,,53.70599777E-3,-3.20020481E-3,
,,,53.70799825E-3,-3.20020481E-3,
,,,53.70999873E-3,-3.20020481E-3,
,,,53.71199921E-3,-2.4001535E-3,
,,,53.71399969E-3,-2.4001535E-3,
,,,53.71600017E-3,-2.4001535E-3,
,,,53.71800065E-3,-2.4001535E-3,
,,,53.72000113E-3,-2.4001535E-3,
,,,53.72199789E-3,-2.4001535E-3,
,,,53.72399837E-3,-2.4001535E-3,
,,,53.72599885E-3,-1.6001024E-3,
,,,53.72799933E-3,-2.4001535E-3,
,,,53.72999981E-3,-2.4001535E-3,
,,,53.73200029E-3,-2.4001535E-3,
,,,53.73400077E-3,-1.6001024E-3,
,,,53.73599753E-3,-1.6001024E-3,
,,,53.73799801E-3,-1.6001024E-3,
,,,53.73999849E-3,-1.6001024E-3,
,,,53.74199897E-3,-2.4001535E-3,
,,,53.74399945E-3,-2.4001535E-3,
,,,53.74599993E-3,-1.6001024E-3,
,,,53.74800041E-3,-1.6001024E-3,
,,,53.75000089E-3,-1.6001024E-3,
,,,53.75199765E-3,-1.6001024E-3,
,,,53.75399813E-3,-1.6001024E-3,
,,,53.75599861E-3,-1.6001024E-3,
,,,53.75799909E-3,-1.6001024E-3,
,,,53.75999957E-3,-1.6001024E-3,
,,,53.76200005E-3,-1.6001024E-3,
,,,53.76400054E-3,-1.6001024E-3,
,,,53.76600102E-3,-800.051202532E-6,
,,,53.76799777E-3,-800.051202532E-6,
,,,53.76999825E-3,-800.051202532E-6,
,,,53.77199873E-3,-1.6001024E-3,
,,,53.77399921E-3,-1.6001024E-3,
,,,53.77599970E-3,-1.6001024E-3,
,,,53.77800018E-3,-800.051202532E-6,
,,,53.78000066E-3,-800.051202532E-6,
,,,53.78200114E-3,-800.051202532E-6,
,,,53.78399789E-3,-800.051202532E-6,
,,,53.78599837E-3,-800.051202532E-6,
,,,53.78799886E-3,-800.051202532E-6,
,,,53.78999934E-3,-800.051202532E-6,
,,,53.79199982E-3,-800.051202532E-6,
,,,53.79400030E-3,-800.051202532E-6,
,,,53.79600078E-3,-800.051202532E-6,
,,,53.79799753E-3,-800.051202532E-6,
,,,53.79999802E-3,-800.051202532E-6,
,,,53.80199850E-3,-800.051202532E-6,
,,,53.80399898E-3,-800.051202532E-6,
,,,53.80599946E-3,0.0,
,,,53.80799994E-3,0.0,
,,,53.81000042E-3,0.0,
,,,53.81200090E-3,0.0,
,,,53.81399766E-3,-800.051202532E-6,
,,,53.81599814E-3,0.0,
,,,53.81799862E-3,-800.051202532E-6,
,,,53.81999910E-3,0.0,
,,,53.82199958E-3,0.0,
,,,53.82400006E-3,0.0,
,,,53.82600054E-3,0.0,
,,,53.82800102E-3,0.0,
,,,53.82999778E-3,0.0,
,,,53.83199826E-3,0.0,
,,,53.83399874E-3,0.0,
,,,53.83599922E-3,0.0,
,,,53.83799970E-3,0.0,
,,,53.84000018E-3,0.0,
,,,53.84200066E-3,0.0,
,,,53.84400114E-3,0.0,
,,,53.84599790E-3,0.0,
,,,53.84799838E-3,0.0,
,,,53.84999886E-3,0.0,
,,,53.85199934E-3,0.0,
,,,53.85399982E-3,0.0,
,,,53.85600030E-3,0.0,
,,,53.85800079E-3,0.0,
,,,53.85999754E-3,800.051202532E-6,
,,,53.86199802E-3,800.051202532E-6,
,,,53.86399850E-3,800.051202532E-6,
,,,53.86599898E-3,0.0,
,,,53.86799946E-3,0.0,
,,,53.86999995E-3,0.0,
,,,53.87200043E-3,0.0,
,,,53.87400091E-3,0.0,
,,,53.87599766E-3,0.0,
,,,53.87799814E-3,800.051202532E-6,
,,,53.87999862E-3,0.0,
,,,53.88199911E-3,800.051202532E-6,
,,,53.88399959E-3,800.051202532E-6,
,,,53.88600007E-3,800.051202532E-6,
,,,53.88800055E-3,800.051202532E-6,
,,,53.89000103E-3,800.051202532E-6,
,,,53.89199778E-3,0.0,
,,,53.89399827E-3,0.0,
,,,53.89599875E-3,0.0,
,,,53.89799923E-3,0.0,
,,,53.89999971E-3,800.051202532E-6,
,,,53.90200019E-3,0.0,
,,,53.90400067E-3,800.051202532E-6,
,,,53.90600115E-3,800.051202532E-6,
,,,53.90799791E-3,800.051202532E-6,
,,,53.90999839E-3,800.051202532E-6,
,,,53.91199887E-3,800.051202532E-6,
,,,53.91399935E-3,800.051202532E-6,
,,,53.91599983E-3,800.051202532E-6,
,,,53.91800031E-3,800.051202532E-6,
,,,53.92000079E-3,800.051202532E-6,
,,,53.92199755E-3,0.0,
,,,53.92399803E-3,0.0,
,,,53.92599851E-3,0.0,
,,,53.92799899E-3,800.051202532E-6,
,,,53.92999947E-3,800.051202532E-6,
,,,53.93199995E-3,800.051202532E-6,
,,,53.93400043E-3,800.051202532E-6,
,,,53.93600091E-3,800.051202532E-6,
,,,53.93799767E-3,800.051202532E-6,
,,,53.93999815E-3,800.051202532E-6,
,,,53.94199863E-3,800.051202532E-6,
,,,53.94399911E-3,0.0,
,,,53.94599959E-3,800.051202532E-6,
,,,53.94800007E-3,800.051202532E-6,
,,,53.95000055E-3,0.0,
,,,53.95200104E-3,800.051202532E-6,
,,,53.95399779E-3,800.051202532E-6,
,,,53.95599827E-3,800.051202532E-6,
,,,53.95799875E-3,800.051202532E-6,
,,,53.95999923E-3,800.051202532E-6,
,,,53.96199971E-3,800.051202532E-6,
,,,53.96400020E-3,800.051202532E-6,
,,,53.96600068E-3,800.051202532E-6,
,,,53.96800116E-3,800.051202532E-6,
,,,53.96999791E-3,800.051202532E-6,
,,,53.97199839E-3,800.051202532E-6,
,,,53.97399887E-3,800.051202532E-6,
,,,53.97599936E-3,800.051202532E-6,
,,,53.97799984E-3,800.051202532E-6,
,,,53.98000032E-3,1.6001024E-3,
,,,53.98200080E-3,800.051202532E-6,
,,,53.98399755E-3,800.051202532E-6,
,,,53.98599803E-3,800.051202532E-6,
,,,53.98799852E-3,800.051202532E-6,
,,,53.98999900E-3,800.051202532E-6,
,,,53.99199948E-3,800.051202532E-6,
,,,53.99399996E-3,800.051202532E-6,
,,,53.99600044E-3,800.051202532E-6,
,,,53.99800092E-3,800.051202532E-6,
,,,53.99999768E-3,800.051202532E-6,
,,,54.00199816E-3,800.051202532E-6,
,,,54.00399864E-3,800.051202532E-6,
,,,54.00599912E-3,1.6001024E-3,
,,,54.00799960E-3,800.051202532E-6,
,,,54.01000008E-3,1.6001024E-3,
,,,54.01200056E-3,800.051202532E-6,
,,,54.01400104E-3,800.051202532E-6,
,,,54.01599780E-3,800.051202532E-6,
,,,54.01799828E-3,800.051202532E-6,
,,,54.01999876E-3,800.051202532E-6,
,,,54.02199924E-3,800.051202532E-6,
,,,54.02399972E-3,800.051202532E-6,
,,,54.02600020E-3,800.051202532E-6,
,,,54.02800068E-3,800.051202532E-6,
,,,54.03000116E-3,800.051202532E-6,
,,,54.03199792E-3,800.051202532E-6,
,,,54.03399840E-3,800.051202532E-6,
,,,54.03599888E-3,1.6001024E-3,
,,,54.03799936E-3,1.6001024E-3,
,,,54.03999984E-3,800.051202532E-6,
,,,54.04200032E-3,800.051202532E-6,
,,,54.04400080E-3,800.051202532E-6,
,,,54.04599756E-3,800.051202532E-6,
,,,54.04799804E-3,800.051202532E-6,
,,,54.04999852E-3,800.051202532E-6,
,,,54.05199900E-3,800.051202532E-6,
,,,54.05399948E-3,800.051202532E-6,
,,,54.05599996E-3,800.051202532E-6,
,,,54.05800045E-3,800.051202532E-6,
,,,54.06000093E-3,800.051202532E-6,
,,,54.06199768E-3,800.051202532E-6,
,,,54.06399816E-3,1.6001024E-3,
,,,54.06599864E-3,1.6001024E-3,
,,,54.06799912E-3,1.6001024E-3,
,,,54.06999961E-3,800.051202532E-6,
,,,54.07200009E-3,800.051202532E-6,
,,,54.07400057E-3,800.051202532E-6,
,,,54.07600105E-3,800.051202532E-6,
,,,54.07799780E-3,800.051202532E-6,
,,,54.07999828E-3,800.051202532E-6,
,,,54.08199877E-3,800.051202532E-6,
,,,54.08399925E-3,800.051202532E-6,
,,,54.08599973E-3,800.051202532E-6,
,,,54.08800021E-3,800.051202532E-6,
,,,54.09000069E-3,800.051202532E-6,
,,,54.09200117E-3,800.051202532E-6,
,,,54.09399793E-3,800.051202532E-6,
,,,54.09599841E-3,800.051202532E-6,
,,,54.09799889E-3,1.6001024E-3,
,,,54.09999937E-3,800.051202532E-6,
,,,54.10199985E-3,800.051202532E-6,
,,,54.10400033E-3,800.051202532E-6,
,,,54.10600081E-3,800.051202532E-6,
,,,54.10799757E-3,800.051202532E-6,
,,,54.10999805E-3,800.051202532E-6,
,,,54.11199853E-3,800.051202532E-6,
,,,54.11399901E-3,800.051202532E-6,
,,,54.11599949E-3,800.051202532E-6,
,,,54.11799997E-3,800.051202532E-6,
,,,54.12000045E-3,800.051202532E-6,
,,,54.12200093E-3,800.051202532E-6,
,,,54.12399769E-3,1.6001024E-3,
,,,54.12599817E-3,1.6001024E-3,
,,,54.12799865E-3,800.051202532E-6,
,,,54.12999913E-3,800.051202532E-6,
,,,54.13199961E-3,800.051202532E-6,
,,,54.13400009E-3,800.051202532E-6,
,,,54.13600057E-3,800.051202532E-6,
,,,54.13800105E-3,800.051202532E-6,
,,,54.13999781E-3,800.051202532E-6,
,,,54.14199829E-3,800.051202532E-6,
,,,54.14399877E-3,800.051202532E-6,
,,,54.14599925E-3,800.051202532E-6,
,,,54.14799973E-3,800.051202532E-6,
,,,54.15000021E-3,800.051202532E-6,
,,,54.15200070E-3,1.6001024E-3,
,,,54.15399745E-3,1.6001024E-3,
,,,54.15599793E-3,1.6001024E-3,
,,,54.15799841E-3,800.051202532E-6,
,,,54.15999889E-3,800.051202532E-6,
,,,54.16199937E-3,800.051202532E-6,
,,,54.16399986E-3,800.051202532E-6,
,,,54.16600034E-3,800.051202532E-6,
,,,54.16800082E-3,800.051202532E-6,
,,,54.16999757E-3,800.051202532E-6,
,,,54.17199805E-3,800.051202532E-6,
,,,54.17399853E-3,800.051202532E-6,
,,,54.17599902E-3,800.051202532E-6,
,,,54.17799950E-3,800.051202532E-6,
,,,54.17999998E-3,1.6001024E-3,
,,,54.18200046E-3,1.6001024E-3,
,,,54.18400094E-3,1.6001024E-3,
,,,54.18599769E-3,800.051202532E-6,
,,,54.18799818E-3,800.051202532E-6,
,,,54.18999866E-3,800.051202532E-6,
,,,54.19199914E-3,800.051202532E-6,
,,,54.19399962E-3,800.051202532E-6,
,,,54.19600010E-3,800.051202532E-6,
,,,54.19800058E-3,800.051202532E-6,
,,,54.20000106E-3,800.051202532E-6,
,,,54.20199782E-3,800.051202532E-6,
,,,54.20399830E-3,800.051202532E-6,
,,,54.20599878E-3,1.6001024E-3,
,,,54.20799926E-3,800.051202532E-6,
,,,54.20999974E-3,1.6001024E-3,
,,,54.21200022E-3,1.6001024E-3,
,,,54.21400070E-3,800.051202532E-6,
,,,54.21599746E-3,800.051202532E-6,
,,,54.21799794E-3,800.051202532E-6,
,,,54.21999842E-3,800.051202532E-6,
,,,54.22199890E-3,800.051202532E-6,
,,,54.22399938E-3,800.051202532E-6,
,,,54.22599986E-3,800.051202532E-6,
,,,54.22800034E-3,800.051202532E-6,
,,,54.23000082E-3,800.051202532E-6,
,,,54.23199758E-3,800.051202532E-6,
,,,54.23399806E-3,1.6001024E-3,
,,,54.23599854E-3,1.6001024E-3,
,,,54.23799902E-3,1.6001024E-3,
,,,54.23999950E-3,1.6001024E-3,
,,,54.24199998E-3,800.051202532E-6,
,,,54.24400046E-3,800.051202532E-6,
,,,54.24600095E-3,800.051202532E-6,
,,,54.24799770E-3,800.051202532E-6,
,,,54.24999818E-3,800.051202532E-6,
,,,54.25199866E-3,800.051202532E-6,
,,,54.25399914E-3,800.051202532E-6,
,,,54.25599962E-3,800.051202532E-6,
,,,54.25800011E-3,800.051202532E-6,
,,,54.26000059E-3,800.051202532E-6,
,,,54.26200107E-3,1.6001024E-3,
,,,54.26399782E-3,1.6001024E-3,
,,,54.26599830E-3,1.6001024E-3,
,,,54.26799878E-3,1.6001024E-3,
,,,54.26999927E-3,800.051202532E-6,
,,,54.27199975E-3,800.051202532E-6,
,,,54.27400023E-3,800.051202532E-6,
,,,54.27600071E-3,800.051202532E-6,
,,,54.27799746E-3,800.051202532E-6,
,,,54.27999794E-3,800.051202532E-6,
,,,54.28199843E-3,800.051202532E-6,
,,,54.28399891E-3,800.051202532E-6,
,,,54.28599939E-3,800.051202532E-6,
,,,54.28799987E-3,800.051202532E-6,
,,,54.29000035E-3,800.051202532E-6,
,,,54.29200083E-3,800.051202532E-6,
,,,54.29399759E-3,800.051202532E-6,
,,,54.29599807E-3,1.6001024E-3,
,,,54.29799855E-3,800.051202532E-6,
,,,54.29999903E-3,800.051202532E-6,
,,,54.30199951E-3,800.051202532E-6,
,,,54.30399999E-3,800.051202532E-6,
,,,54.30600047E-3,800.051202532E-6,
,,,54.30800095E-3,800.051202532E-6,
,,,54.30999771E-3,800.051202532E-6,
,,,54.31199819E-3,800.051202532E-6,
,,,54.31399867E-3,800.051202532E-6,
,,,54.31599915E-3,800.051202532E-6,
,,,54.31799963E-3,800.051202532E-6,
,,,54.32000011E-3,800.051202532E-6,
,,,54.32200059E-3,1.6001024E-3,
,,,54.32400107E-3,1.6001024E-3,
,,,54.32599783E-3,800.051202532E-6,
,,,54.32799831E-3,800.051202532E-6,
,,,54.32999879E-3,800.051202532E-6,
,,,54.33199927E-3,800.051202532E-6,
,,,54.33399975E-3,800.051202532E-6,
,,,54.33600023E-3,800.051202532E-6,
,,,54.33800071E-3,800.051202532E-6,
,,,54.33999747E-3,800.051202532E-6,
,,,54.34199795E-3,800.051202532E-6,
,,,54.34399843E-3,800.051202532E-6,
,,,54.34599891E-3,800.051202532E-6,
,,,54.34799939E-3,800.051202532E-6,
,,,54.34999987E-3,800.051202532E-6,
,,,54.35200036E-3,800.051202532E-6,
,,,54.35400084E-3,1.6001024E-3,
,,,54.35599759E-3,800.051202532E-6,
,,,54.35799807E-3,800.051202532E-6,
,,,54.35999855E-3,800.051202532E-6,
,,,54.36199903E-3,800.051202532E-6,
,,,54.36399952E-3,800.051202532E-6,
,,,54.36600000E-3,800.051202532E-6,
,,,54.36800048E-3,800.051202532E-6,
,,,54.37000096E-3,800.051202532E-6,
,,,54.37199771E-3,800.051202532E-6,
,,,54.37399819E-3,800.051202532E-6,
,,,54.37599868E-3,800.051202532E-6,
,,,54.37799916E-3,800.051202532E-6,
,,,54.37999964E-3,800.051202532E-6,
,,,54.38200012E-3,800.051202532E-6,
,,,54.38400060E-3,800.051202532E-6,
,,,54.38600108E-3,1.6001024E-3,
,,,54.38799784E-3,800.051202532E-6,
,,,54.38999832E-3,800.051202532E-6,
,,,54.39199880E-3,800.051202532E-6,
,,,54.39399928E-3,800.051202532E-6,
,,,54.39599976E-3,800.051202532E-6,
,,,54.39800024E-3,800.051202532E-6,
,,,54.40000072E-3,800.051202532E-6,
,,,54.40199748E-3,800.051202532E-6,
,,,54.40399796E-3,800.051202532E-6,
,,,54.40599844E-3,800.051202532E-6,
,,,54.40799892E-3,800.051202532E-6,
,,,54.40999940E-3,1.6001024E-3,
,,,54.41199988E-3,1.6001024E-3,
,,,54.41400036E-3,800.051202532E-6,
,,,54.41600084E-3,800.051202532E-6,
,,,54.41799760E-3,800.051202532E-6,
,,,54.41999808E-3,800.051202532E-6,
,,,54.42199856E-3,800.051202532E-6,
,,,54.42399904E-3,800.051202532E-6,
,,,54.42599952E-3,800.051202532E-6,
,,,54.42800000E-3,800.051202532E-6,
,,,54.43000048E-3,800.051202532E-6,
,,,54.43200096E-3,800.051202532E-6,
,,,54.43399772E-3,800.051202532E-6,
,,,54.43599820E-3,800.051202532E-6,
,,,54.43799868E-3,800.051202532E-6,
,,,54.43999916E-3,1.6001024E-3,
,,,54.44199964E-3,1.6001024E-3,
,,,54.44400012E-3,1.6001024E-3,
,,,54.44600061E-3,1.6001024E-3,
,,,54.44800109E-3,800.051202532E-6,
,,,54.44999784E-3,800.051202532E-6,
,,,54.45199832E-3,800.051202532E-6,
,,,54.45399880E-3,800.051202532E-6,
,,,54.45599928E-3,800.051202532E-6,
,,,54.45799977E-3,800.051202532E-6,
,,,54.46000025E-3,800.051202532E-6,
,,,54.46200073E-3,800.051202532E-6,
,,,54.46399748E-3,800.051202532E-6,
,,,54.46599796E-3,1.6001024E-3,
,,,54.46799845E-3,800.051202532E-6,
,,,54.46999893E-3,1.6001024E-3,
,,,54.47199941E-3,1.6001024E-3,
,,,54.47399989E-3,1.6001024E-3,
,,,54.47600037E-3,1.6001024E-3,
,,,54.47800085E-3,1.6001024E-3,
,,,54.47999761E-3,800.051202532E-6,
,,,54.48199809E-3,800.051202532E-6,
,,,54.48399857E-3,800.051202532E-6,
,,,54.48599905E-3,800.051202532E-6,
,,,54.48799953E-3,800.051202532E-6,
,,,54.49000001E-3,800.051202532E-6,
,,,54.49200049E-3,800.051202532E-6,
,,,54.49400097E-3,800.051202532E-6,
,,,54.49599773E-3,800.051202532E-6,
,,,54.49799821E-3,800.051202532E-6,
,,,54.49999869E-3,1.6001024E-3,
,,,54.50199917E-3,1.6001024E-3,
,,,54.50399965E-3,1.6001024E-3,
,,,54.50600013E-3,1.6001024E-3,
,,,54.50800061E-3,1.6001024E-3,
,,,54.51000109E-3,1.6001024E-3,
,,,54.51199785E-3,800.051202532E-6,
,,,54.51399833E-3,800.051202532E-6,
,,,54.51599881E-3,800.051202532E-6,
,,,54.51799929E-3,800.051202532E-6,
,,,54.51999977E-3,800.051202532E-6,
,,,54.52200025E-3,800.051202532E-6,
,,,54.52400073E-3,800.051202532E-6,
,,,54.52599749E-3,800.051202532E-6,
,,,54.52799797E-3,800.051202532E-6,
,,,54.52999845E-3,800.051202532E-6,
,,,54.53199893E-3,1.6001024E-3,
,,,54.53399941E-3,1.6001024E-3,
,,,54.53599989E-3,1.6001024E-3,
,,,54.53800038E-3,1.6001024E-3,
,,,54.54000086E-3,800.051202532E-6,
,,,54.54199761E-3,800.051202532E-6,
,,,54.54399809E-3,800.051202532E-6,
,,,54.54599857E-3,800.051202532E-6,
,,,54.54799905E-3,800.051202532E-6,
,,,54.54999954E-3,800.051202532E-6,
,,,54.55200002E-3,800.051202532E-6,
,,,54.55400050E-3,800.051202532E-6,
,,,54.55600098E-3,800.051202532E-6,
,,,54.55799773E-3,1.6001024E-3,
,,,54.55999821E-3,1.6001024E-3,
,,,54.56199870E-3,1.6001024E-3,
,,,54.56399918E-3,1.6001024E-3,
,,,54.56599966E-3,1.6001024E-3,
,,,54.56800014E-3,1.6001024E-3,
,,,54.57000062E-3,800.051202532E-6,
,,,54.57200110E-3,800.051202532E-6,
,,,54.57399786E-3,800.051202532E-6,
,,,54.57599834E-3,800.051202532E-6,
,,,54.57799882E-3,800.051202532E-6,
,,,54.57999930E-3,800.051202532E-6,
,,,54.58199978E-3,800.051202532E-6,
,,,54.58400026E-3,800.051202532E-6,
,,,54.58600074E-3,800.051202532E-6,
,,,54.58799750E-3,1.6001024E-3,
,,,54.58999798E-3,1.6001024E-3,
,,,54.59199846E-3,1.6001024E-3,
,,,54.59399894E-3,1.6001024E-3,
,,,54.59599942E-3,1.6001024E-3,
,,,54.59799990E-3,1.6001024E-3,
,,,54.600000381E-3,800.051202532E-6,
,,,54.602000862E-3,800.051202532E-6,
,,,54.603997618E-3,800.051202532E-6,
,,,54.605998099E-3,800.051202532E-6,
,,,54.607998580E-3,800.051202532E-6,
,,,54.609999061E-3,800.051202532E-6,
,,,54.611999542E-3,800.051202532E-6,
,,,54.614000022E-3,800.051202532E-6,
,,,54.616000503E-3,1.6001024E-3,
,,,54.618000984E-3,1.6001024E-3,
,,,54.619997740E-3,1.6001024E-3,
,,,54.621998221E-3,1.6001024E-3,
,,,54.623998702E-3,1.6001024E-3,
,,,54.625999182E-3,1.6001024E-3,
,,,54.627999663E-3,1.6001024E-3,
,,,54.630000144E-3,1.6001024E-3,
,,,54.632000625E-3,800.051202532E-6,
,,,54.634001106E-3,800.051202532E-6,
,,,54.635997862E-3,800.051202532E-6,
,,,54.637998343E-3,800.051202532E-6,
,,,54.639998823E-3,800.051202532E-6,
,,,54.641999304E-3,800.051202532E-6,
,,,54.643999785E-3,800.051202532E-6,
,,,54.646000266E-3,1.6001024E-3,
,,,54.648000747E-3,1.6001024E-3,
,,,54.649997503E-3,1.6001024E-3,
,,,54.651997983E-3,1.6001024E-3,
,,,54.653998464E-3,1.6001024E-3,
,,,54.655998945E-3,1.6001024E-3,
,,,54.657999426E-3,1.6001024E-3,
,,,54.659999907E-3,1.6001024E-3,
,,,54.662000388E-3,800.051202532E-6,
,,,54.664000869E-3,800.051202532E-6,
,,,54.665997624E-3,800.051202532E-6,
,,,54.667998105E-3,800.051202532E-6,
,,,54.669998586E-3,800.051202532E-6,
,,,54.671999067E-3,800.051202532E-6,
,,,54.673999548E-3,800.051202532E-6,
,,,54.676000029E-3,1.6001024E-3,
,,,54.678000510E-3,1.6001024E-3,
,,,54.680000991E-3,1.6001024E-3,
,,,54.681997746E-3,1.6001024E-3,
,,,54.683998227E-3,1.6001024E-3,
,,,54.685998708E-3,1.6001024E-3,
,,,54.687999189E-3,1.6001024E-3,
,,,54.689999670E-3,1.6001024E-3,
,,,54.692000151E-3,1.6001024E-3,
,,,54.694000632E-3,1.6001024E-3,
,,,54.696001112E-3,800.051202532E-6,
,,,54.697997868E-3,800.051202532E-6,
,,,54.699998349E-3,800.051202532E-6,
,,,54.701998830E-3,800.051202532E-6,
,,,54.703999311E-3,800.051202532E-6,
,,,54.705999792E-3,1.6001024E-3,
,,,54.708000273E-3,1.6001024E-3,
,,,54.710000753E-3,1.6001024E-3,
,,,54.711997509E-3,1.6001024E-3,
,,,54.713997990E-3,1.6001024E-3,
,,,54.715998471E-3,1.6001024E-3,
,,,54.717998952E-3,1.6001024E-3,
,,,54.719999433E-3,1.6001024E-3,
,,,54.721999913E-3,1.6001024E-3,
,,,54.724000394E-3,1.6001024E-3,
,,,54.726000875E-3,800.051202532E-6,
,,,54.727997631E-3,800.051202532E-6,
,,,54.729998112E-3,800.051202532E-6,
,,,54.731998593E-3,800.051202532E-6,
,,,54.733999074E-3,800.051202532E-6,
,,,54.735999554E-3,1.6001024E-3,
,,,54.738000035E-3,1.6001024E-3,
,,,54.740000516E-3,1.6001024E-3,
,,,54.742000997E-3,1.6001024E-3,
,,,54.743997753E-3,1.6001024E-3,
,,,54.745998234E-3,1.6001024E-3,
,,,54.747998714E-3,1.6001024E-3,
,,,54.749999195E-3,1.6001024E-3,
,,,54.751999676E-3,1.6001024E-3,
,,,54.754000157E-3,1.6001024E-3,
,,,54.756000638E-3,800.051202532E-6,
,,,54.758001119E-3,800.051202532E-6,
,,,54.759997874E-3,800.051202532E-6,
,,,54.761998355E-3,800.051202532E-6,
,,,54.763998836E-3,800.051202532E-6,
,,,54.765999317E-3,1.6001024E-3,
,,,54.767999798E-3,1.6001024E-3,
,,,54.770000279E-3,1.6001024E-3,
,,,54.772000760E-3,1.6001024E-3,
,,,54.773997515E-3,1.6001024E-3,
,,,54.775997996E-3,1.6001024E-3,
,,,54.777998477E-3,1.6001024E-3,
,,,54.779998958E-3,1.6001024E-3,
,,,54.781999439E-3,1.6001024E-3,
,,,54.783999920E-3,1.6001024E-3,
,,,54.786000401E-3,1.6001024E-3,
,,,54.788000882E-3,1.6001024E-3,
,,,54.789997637E-3,800.051202532E-6,
,,,54.791998118E-3,800.051202532E-6,
,,,54.793998599E-3,800.051202532E-6,
,,,54.795999080E-3,800.051202532E-6,
,,,54.797999561E-3,800.051202532E-6,
,,,54.800000042E-3,1.6001024E-3,
,,,54.802000523E-3,1.6001024E-3,
,,,54.804001004E-3,1.6001024E-3,
,,,54.805997759E-3,1.6001024E-3,
,,,54.807998240E-3,1.6001024E-3,
,,,54.809998721E-3,1.6001024E-3,
,,,54.811999202E-3,1.6001024E-3,
,,,54.813999683E-3,1.6001024E-3,
,,,54.816000164E-3,1.6001024E-3,
,,,54.818000644E-3,800.051202532E-6,
,,,54.820001125E-3,800.051202532E-6,
,,,54.821997881E-3,800.051202532E-6,
,,,54.823998362E-3,800.051202532E-6,
,,,54.825998843E-3,800.051202532E-6,
,,,54.827999324E-3,1.6001024E-3,
,,,54.829999804E-3,1.6001024E-3,
,,,54.832000285E-3,1.6001024E-3,
,,,54.834000766E-3,1.6001024E-3,
,,,54.835997522E-3,1.6001024E-3,
,,,54.837998003E-3,1.6001024E-3,
,,,54.839998484E-3,1.6001024E-3,
,,,54.841998965E-3,1.6001024E-3,
,,,54.843999445E-3,1.6001024E-3,
,,,54.845999926E-3,1.6001024E-3,
,,,54.848000407E-3,800.051202532E-6,
,,,54.850000888E-3,800.051202532E-6,
,,,54.851997644E-3,800.051202532E-6,
,,,54.853998125E-3,800.051202532E-6,
,,,54.855998605E-3,800.051202532E-6,
,,,54.857999086E-3,800.051202532E-6,
,,,54.859999567E-3,800.051202532E-6,
,,,54.862000048E-3,800.051202532E-6,
,,,54.864000529E-3,800.051202532E-6,
,,,54.866001010E-3,800.051202532E-6,
,,,54.867997766E-3,800.051202532E-6,
,,,54.869998246E-3,25.20161308E-3,
,,,54.871998727E-3,25.20161308E-3,
,,,54.873999208E-3,25.20161308E-3,
,,,54.875999689E-3,25.20161308E-3,
,,,54.878000170E-3,25.20161308E-3,
,,,54.880000651E-3,25.20161308E-3,
,,,54.882001132E-3,25.20161308E-3,
,,,54.883997887E-3,25.20161308E-3,
,,,54.885998368E-3,25.20161308E-3,
,,,54.887998849E-3,25.20161308E-3,
,,,54.889999330E-3,25.20161308E-3,
,,,54.891999811E-3,25.20161308E-3,
,,,54.894000292E-3,25.20161308E-3,
,,,54.896000773E-3,25.20161308E-3,
,,,54.897997528E-3,25.20161308E-3,
,,,54.899998009E-3,25.20161308E-3,
,,,54.901998490E-3,0.0,
,,,54.903998971E-3,0.0,
,,,54.905999452E-3,0.0,
,,,54.907999933E-3,0.0,
,,,54.910000414E-3,25.20161308E-3,
,,,54.912000895E-3,25.20161308E-3,
,,,54.913997650E-3,-800.051202532E-6,
,,,54.915998131E-3,-800.051202532E-6,
,,,54.917998612E-3,-800.051202532E-6,
,,,54.919999093E-3,25.20161308E-3,
,,,54.921999574E-3,-800.051202532E-6,
,,,54.924000055E-3,-800.051202532E-6,
,,,54.926000535E-3,25.20161308E-3,
,,,54.928001016E-3,25.20161308E-3,
,,,54.929997772E-3,25.20161308E-3,
,,,54.931998253E-3,-800.051202532E-6,
,,,54.933998734E-3,-800.051202532E-6,
,,,54.935999215E-3,25.20161308E-3,
,,,54.937999696E-3,25.20161308E-3,
,,,54.940000176E-3,25.20161308E-3,
,,,54.942000657E-3,-1.6001024E-3,
,,,54.944001138E-3,25.20161308E-3,
,,,54.945997894E-3,-1.6001024E-3,
,,,54.947998375E-3,-1.6001024E-3,
,,,54.949998856E-3,-1.6001024E-3,
,,,54.951999336E-3,-1.6001024E-3,
,,,54.953999817E-3,25.20161308E-3,
,,,54.956000298E-3,25.20161308E-3,
,,,54.958000779E-3,-1.6001024E-3,
,,,54.959997535E-3,25.20161308E-3,
,,,54.961998016E-3,25.20161308E-3,
,,,54.963998497E-3,-1.6001024E-3,
,,,54.965998977E-3,25.20161308E-3,
,,,54.967999458E-3,25.20161308E-3,
,,,54.969999939E-3,25.20161308E-3,
,,,54.972000420E-3,25.20161308E-3,
,,,54.974000901E-3,25.20161308E-3,
,,,54.975997657E-3,25.20161308E-3,
,,,54.977998137E-3,25.20161308E-3,
,,,54.979998618E-3,25.20161308E-3,
,,,54.981999099E-3,25.20161308E-3,
,,,54.983999580E-3,25.20161308E-3,
,,,54.986000061E-3,-2.4001535E-3,
,,,54.988000542E-3,25.20161308E-3,
,,,54.990001023E-3,-2.4001535E-3,
,,,54.991997778E-3,-2.4001535E-3,
,,,54.993998259E-3,25.20161308E-3,
,,,54.995998740E-3,25.20161308E-3,
,,,54.997999221E-3,25.20161308E-3,
,,,54.999999702E-3,-3.20020481E-3,
,,,55.002000183E-3,-3.20020481E-3,
,,,55.004000664E-3,-3.20020481E-3,
,,,55.006001145E-3,-3.20020481E-3,
,,,55.007997900E-3,-3.20020481E-3,
,,,55.009998381E-3,25.20161308E-3,
,,,55.011998862E-3,25.20161308E-3,
,,,55.013999343E-3,25.20161308E-3,
,,,55.015999824E-3,25.20161308E-3,
,,,55.018000305E-3,25.20161308E-3,
,,,55.020000786E-3,25.20161308E-3,
,,,55.021997541E-3,25.20161308E-3,
,,,55.023998022E-3,-3.20020481E-3,
,,,55.025998503E-3,25.20161308E-3,
,,,55.027998984E-3,-3.20020481E-3,
,,,55.029999465E-3,-3.20020481E-3,
,,,55.031999946E-3,25.20161308E-3,
,,,55.034000427E-3,25.20161308E-3,
,,,55.036000907E-3,-4.00025584E-3,
,,,55.037997663E-3,-4.00025584E-3,
,,,55.039998144E-3,-4.00025584E-3,
,,,55.041998625E-3,-4.00025584E-3,
,,,55.043999106E-3,25.20161308E-3,
,,,55.045999587E-3,-4.00025584E-3,
,,,55.048000067E-3,25.20161308E-3,
,,,55.050000548E-3,-4.00025584E-3,
,,,55.052001029E-3,25.20161308E-3,
,,,55.053997785E-3,25.20161308E-3,
,,,55.055998266E-3,25.20161308E-3,
,,,55.057998747E-3,25.20161308E-3,
,,,55.059999228E-3,-4.00025584E-3,
,,,55.061999708E-3,-4.80030710E-3,
,,,55.064000189E-3,25.20161308E-3,
,,,55.066000670E-3,25.20161308E-3,
,,,55.068001151E-3,25.20161308E-3,
,,,55.069997907E-3,-4.80030710E-3,
,,,55.071998388E-3,-4.80030710E-3,
,,,55.073998868E-3,25.20161308E-3,
,,,55.075999349E-3,-4.80030710E-3,
,,,55.077999830E-3,25.20161308E-3,
,,,55.080000311E-3,-4.80030710E-3,
,,,55.082000792E-3,-4.80030710E-3,
,,,55.083997548E-3,-4.80030710E-3,
,,,55.085998029E-3,25.20161308E-3,
,,,55.087998509E-3,25.20161308E-3,
,,,55.089998990E-3,25.20161308E-3,
,,,55.091999471E-3,25.20161308E-3,
,,,55.093999952E-3,25.20161308E-3,
,,,55.096000433E-3,-5.60035836E-3,
,,,55.098000914E-3,-5.60035836E-3,
,,,55.099997669E-3,-5.60035836E-3,
,,,55.101998150E-3,25.20161308E-3,
,,,55.103998631E-3,-5.60035836E-3,
,,,55.105999112E-3,-5.60035836E-3,
,,,55.107999593E-3,-5.60035836E-3,
,,,55.110000074E-3,-5.60035836E-3,
,,,55.112000555E-3,-5.60035836E-3,
,,,55.114001036E-3,-5.60035836E-3,
,,,55.115997791E-3,-5.60035836E-3,
,,,55.117998272E-3,-5.60035836E-3,
,,,55.119998753E-3,-5.60035836E-3,
,,,55.121999234E-3,-6.40040962E-3,
,,,55.123999715E-3,-6.40040962E-3,
,,,55.126000196E-3,-6.40040962E-3,
,,,55.128000677E-3,-6.40040962E-3,
,,,55.130001158E-3,-6.40040962E-3,
,,,55.131997913E-3,-6.40040962E-3,
,,,55.133998394E-3,-6.40040962E-3,
,,,55.135998875E-3,-6.40040962E-3,
,,,55.137999356E-3,-6.40040962E-3,
,,,55.139999837E-3,-6.40040962E-3,
,,,55.142000318E-3,-6.40040962E-3,
,,,55.144000798E-3,-6.40040962E-3,
,,,55.145997554E-3,-6.40040962E-3,
,,,55.147998035E-3,-6.40040962E-3,
,,,55.149998516E-3,-6.40040962E-3,
,,,55.151998997E-3,-6.40040962E-3,
,,,55.153999478E-3,-7.20046088E-3,
,,,55.155999959E-3,-7.20046088E-3,
,,,55.158000439E-3,-7.20046088E-3,
,,,55.160000920E-3,-7.20046088E-3,
,,,55.161997676E-3,-7.20046088E-3,
,,,55.163998157E-3,-7.20046088E-3,
,,,55.165998638E-3,-7.20046088E-3,
,,,55.167999119E-3,-7.20046088E-3,
,,,55.169999599E-3,-7.20046088E-3,
,,,55.172000080E-3,-7.20046088E-3,
,,,55.174000561E-3,-7.20046088E-3,
,,,55.176001042E-3,-7.20046088E-3,
,,,55.177997798E-3,-7.20046088E-3,
